-- MySQL dump 10.13  Distrib 8.0.31, for Win64 (x86_64)
--
-- Host: 127.0.0.1    Database: mavenbearbuilders
-- ------------------------------------------------------
-- Server version	8.0.31

/*!40101 SET @OLD_CHARACTER_SET_CLIENT=@@CHARACTER_SET_CLIENT */;
/*!40101 SET @OLD_CHARACTER_SET_RESULTS=@@CHARACTER_SET_RESULTS */;
/*!40101 SET @OLD_COLLATION_CONNECTION=@@COLLATION_CONNECTION */;
/*!50503 SET NAMES utf8 */;
/*!40103 SET @OLD_TIME_ZONE=@@TIME_ZONE */;
/*!40103 SET TIME_ZONE='+00:00' */;
/*!40014 SET @OLD_UNIQUE_CHECKS=@@UNIQUE_CHECKS, UNIQUE_CHECKS=0 */;
/*!40014 SET @OLD_FOREIGN_KEY_CHECKS=@@FOREIGN_KEY_CHECKS, FOREIGN_KEY_CHECKS=0 */;
/*!40101 SET @OLD_SQL_MODE=@@SQL_MODE, SQL_MODE='NO_AUTO_VALUE_ON_ZERO' */;
/*!40111 SET @OLD_SQL_NOTES=@@SQL_NOTES, SQL_NOTES=0 */;

--
-- Table structure for table `order_item_refunds`
--

DROP TABLE IF EXISTS `order_item_refunds`;
/*!40101 SET @saved_cs_client     = @@character_set_client */;
/*!50503 SET character_set_client = utf8mb4 */;
CREATE TABLE `order_item_refunds` (
  `order_item_refund_id` bigint NOT NULL,
  `created_at` datetime NOT NULL,
  `order_item_id` bigint NOT NULL,
  `order_id` bigint NOT NULL,
  `refund_amount_usd` decimal(6,2) NOT NULL,
  PRIMARY KEY (`order_item_refund_id`),
  KEY `order_item_id` (`order_item_id`),
  CONSTRAINT `order_item_refunds_ibfk_1` FOREIGN KEY (`order_item_id`) REFERENCES `order_items` (`order_item_id`)
) ENGINE=InnoDB DEFAULT CHARSET=utf8mb4 COLLATE=utf8mb4_0900_ai_ci;
/*!40101 SET character_set_client = @saved_cs_client */;

--
-- Dumping data for table `order_item_refunds`
--

LOCK TABLES `order_item_refunds` WRITE;
/*!40000 ALTER TABLE `order_item_refunds` DISABLE KEYS */;
INSERT INTO `order_item_refunds` VALUES (1,'2012-04-06 11:32:43',57,57,49.99),(2,'2012-04-13 01:09:43',74,74,49.99),(3,'2012-04-15 07:03:48',71,71,49.99),(4,'2012-04-17 20:00:37',118,118,49.99),(5,'2012-04-22 20:53:49',116,116,49.99),(6,'2012-05-04 11:59:07',147,147,49.99),(7,'2012-05-12 02:41:14',186,186,49.99),(8,'2012-05-16 13:06:01',191,191,49.99),(9,'2012-05-24 16:00:09',179,179,49.99),(10,'2012-05-30 17:20:44',199,199,49.99),(11,'2012-06-06 14:22:14',271,271,49.99),(12,'2012-06-10 19:54:47',290,290,49.99),(13,'2012-06-20 19:13:12',335,335,49.99),(14,'2012-06-28 18:54:22',382,382,49.99),(15,'2012-06-29 15:50:01',357,357,49.99),(16,'2012-07-05 14:24:53',409,409,49.99),(17,'2012-07-07 07:36:44',368,368,49.99),(18,'2012-07-07 19:54:28',391,391,49.99),(19,'2012-07-08 02:59:09',424,424,49.99),(20,'2012-07-10 14:31:05',393,393,49.99),(21,'2012-07-11 22:16:10',442,442,49.99),(22,'2012-07-19 06:57:16',472,472,49.99),(23,'2012-07-20 13:51:53',470,470,49.99),(24,'2012-07-21 09:45:01',469,469,49.99),(25,'2012-07-22 12:53:11',471,471,49.99),(26,'2012-07-27 18:03:58',468,468,49.99),(27,'2012-07-29 07:41:18',467,467,49.99),(28,'2012-07-31 01:43:50',500,500,49.99),(29,'2012-08-01 13:50:52',501,501,49.99),(30,'2012-08-06 23:16:41',568,568,49.99),(31,'2012-08-08 17:45:11',545,545,49.99),(32,'2012-08-09 17:14:14',558,558,49.99),(33,'2012-08-12 01:39:11',577,577,49.99),(34,'2012-08-12 19:26:58',648,648,49.99),(35,'2012-08-15 03:07:26',669,669,49.99),(36,'2012-08-16 10:58:58',587,587,49.99),(37,'2012-08-17 00:42:29',581,581,49.99),(38,'2012-08-17 00:43:39',584,584,49.99),(39,'2012-08-18 09:15:40',638,638,49.99),(40,'2012-08-20 08:19:51',676,676,49.99),(41,'2012-08-23 12:16:35',717,717,49.99),(42,'2012-08-24 15:15:48',661,661,49.99),(43,'2012-08-27 04:21:11',694,694,49.99),(44,'2012-08-27 14:26:16',668,668,49.99),(45,'2012-08-29 00:16:18',739,739,49.99),(46,'2012-08-29 14:11:58',718,718,49.99),(47,'2012-09-01 10:36:40',780,780,49.99),(48,'2012-09-03 21:08:59',786,786,49.99),(49,'2012-09-08 09:52:41',760,760,49.99),(50,'2012-09-12 12:31:11',844,844,49.99),(51,'2012-09-13 07:09:10',823,823,49.99),(52,'2012-09-14 07:45:19',883,883,49.99),(53,'2012-09-14 09:09:54',818,818,49.99),(54,'2012-09-14 21:56:14',900,900,49.99),(55,'2012-09-15 09:00:25',838,838,49.99),(56,'2012-09-15 19:18:27',807,807,49.99),(57,'2012-09-18 08:07:59',910,910,49.99),(58,'2012-09-19 19:57:16',849,849,49.99),(59,'2012-09-22 17:50:53',988,988,49.99),(60,'2012-09-24 12:27:05',934,934,49.99),(61,'2012-09-24 15:13:26',993,993,49.99),(62,'2012-09-24 20:49:53',950,950,49.99),(63,'2012-09-25 08:14:53',969,969,49.99),(64,'2012-09-27 01:07:36',953,953,49.99),(65,'2012-09-27 04:26:24',905,905,49.99),(66,'2012-09-29 19:44:05',941,941,49.99),(67,'2012-09-30 10:29:56',939,939,49.99),(68,'2012-10-02 19:14:21',1006,1006,49.99),(69,'2012-10-05 11:06:14',1107,1107,49.99),(70,'2012-10-05 18:22:42',1069,1069,49.99),(71,'2012-10-06 00:04:13',984,984,49.99),(72,'2012-10-06 07:54:10',1021,1021,49.99),(73,'2012-10-07 01:25:32',1129,1129,49.99),(74,'2012-10-07 15:51:25',1103,1103,49.99),(75,'2012-10-08 15:43:52',1036,1036,49.99),(76,'2012-10-10 10:23:40',1063,1063,49.99),(77,'2012-10-10 13:15:44',1078,1078,49.99),(78,'2012-10-10 15:18:51',1056,1056,49.99),(79,'2012-10-13 21:35:11',1145,1145,49.99),(80,'2012-10-14 19:15:52',1123,1123,49.99),(81,'2012-10-17 12:24:18',1226,1226,49.99),(82,'2012-10-20 13:42:51',1279,1279,49.99),(83,'2012-10-20 17:49:01',1245,1245,49.99),(84,'2012-10-21 19:42:47',1271,1271,49.99),(85,'2012-10-22 11:33:07',1167,1167,49.99),(86,'2012-10-22 14:28:55',1243,1243,49.99),(87,'2012-10-23 18:58:17',1318,1318,49.99),(88,'2012-10-25 04:26:48',1227,1227,49.99),(89,'2012-10-26 07:25:27',1283,1283,49.99),(90,'2012-10-28 06:17:14',1222,1222,49.99),(91,'2012-10-29 00:19:14',1233,1233,49.99),(92,'2012-11-01 08:02:36',1274,1274,49.99),(93,'2012-11-01 17:40:26',1426,1426,49.99),(94,'2012-11-01 18:56:47',1267,1267,49.99),(95,'2012-11-02 14:46:50',1451,1451,49.99),(96,'2012-11-03 18:58:54',1445,1445,49.99),(97,'2012-11-04 06:41:25',1393,1393,49.99),(98,'2012-11-05 18:35:20',1351,1351,49.99),(99,'2012-11-06 16:47:45',1324,1324,49.99),(100,'2012-11-06 17:59:29',1480,1480,49.99),(101,'2012-11-07 10:23:24',1422,1422,49.99),(102,'2012-11-09 07:25:56',1368,1368,49.99),(103,'2012-11-11 02:57:29',1515,1515,49.99),(104,'2012-11-12 13:31:27',1468,1468,49.99),(105,'2012-11-13 04:28:08',1525,1525,49.99),(106,'2012-11-13 18:51:02',1547,1547,49.99),(107,'2012-11-14 01:09:00',1443,1443,49.99),(108,'2012-11-14 20:42:32',1559,1559,49.99),(109,'2012-11-15 03:18:16',1576,1576,49.99),(110,'2012-11-15 22:31:01',1552,1552,49.99),(111,'2012-11-17 16:07:01',1584,1584,49.99),(112,'2012-11-17 20:47:59',1483,1483,49.99),(113,'2012-11-18 11:31:16',1532,1532,49.99),(114,'2012-11-18 22:56:28',1544,1544,49.99),(115,'2012-11-19 17:29:51',1626,1626,49.99),(116,'2012-11-21 06:39:21',1638,1638,49.99),(117,'2012-11-21 18:20:39',1528,1528,49.99),(118,'2012-11-22 01:35:09',1653,1653,49.99),(119,'2012-11-25 21:13:28',1637,1637,49.99),(120,'2012-11-25 21:54:01',1756,1756,49.99),(121,'2012-11-26 03:35:40',1660,1660,49.99),(122,'2012-11-26 15:40:13',1646,1646,49.99),(123,'2012-11-26 23:13:16',1631,1631,49.99),(124,'2012-11-27 09:18:30',1617,1617,49.99),(125,'2012-11-27 09:36:25',1779,1779,49.99),(126,'2012-11-27 18:57:24',1848,1848,49.99),(127,'2012-11-27 19:18:26',1748,1748,49.99),(128,'2012-11-28 01:24:41',1815,1815,49.99),(129,'2012-11-28 12:23:54',1604,1604,49.99),(130,'2012-11-29 17:23:22',1908,1908,49.99),(131,'2012-11-30 10:45:33',1636,1636,49.99),(132,'2012-12-02 16:26:56',2064,2064,49.99),(133,'2012-12-02 20:46:16',2051,2051,49.99),(134,'2012-12-02 23:09:37',1988,1988,49.99),(135,'2012-12-03 00:54:53',1909,1909,49.99),(136,'2012-12-03 22:16:21',1905,1905,49.99),(137,'2012-12-03 22:45:33',1961,1961,49.99),(138,'2012-12-04 02:54:59',1918,1918,49.99),(139,'2012-12-04 15:16:20',1776,1776,49.99),(140,'2012-12-04 17:07:30',2028,2028,49.99),(141,'2012-12-05 13:29:12',1797,1797,49.99),(142,'2012-12-05 14:58:49',1915,1915,49.99),(143,'2012-12-05 21:25:47',1818,1818,49.99),(144,'2012-12-06 00:11:14',1947,1947,49.99),(145,'2012-12-08 09:35:07',1745,1745,49.99),(146,'2012-12-09 02:30:55',2050,2050,49.99),(147,'2012-12-11 09:41:38',2184,2184,49.99),(148,'2012-12-12 17:40:37',2098,2098,49.99),(149,'2012-12-13 18:49:37',2045,2045,49.99),(150,'2012-12-13 21:56:23',2241,2241,49.99),(151,'2012-12-14 00:26:51',2057,2057,49.99),(152,'2012-12-15 01:53:06',2165,2165,49.99),(153,'2012-12-15 18:15:51',2147,2147,49.99),(154,'2012-12-18 06:03:13',2341,2341,49.99),(155,'2012-12-18 10:33:26',2172,2172,49.99),(156,'2012-12-18 16:32:34',2244,2244,49.99),(157,'2012-12-19 10:27:35',2202,2202,49.99),(158,'2012-12-20 10:37:58',2365,2365,49.99),(159,'2012-12-21 23:38:22',2377,2377,49.99),(160,'2012-12-22 07:03:24',2415,2415,49.99),(161,'2012-12-23 12:55:13',2337,2337,49.99),(162,'2012-12-24 02:35:44',2249,2249,49.99),(163,'2012-12-26 16:24:38',2444,2444,49.99),(164,'2012-12-26 20:36:29',2445,2445,49.99),(165,'2012-12-26 21:48:11',2323,2323,49.99),(166,'2012-12-27 18:09:17',2398,2398,49.99),(167,'2012-12-28 15:07:54',2479,2479,49.99),(168,'2012-12-31 17:05:00',2446,2446,49.99),(169,'2012-12-31 22:19:36',2431,2431,49.99),(170,'2013-01-01 14:30:14',2426,2426,49.99),(171,'2013-01-04 00:06:45',2498,2498,49.99),(172,'2013-01-04 11:38:50',2489,2489,49.99),(173,'2013-01-05 17:00:37',2504,2504,49.99),(174,'2013-01-06 01:50:15',2492,2492,49.99),(175,'2013-01-06 07:42:52',2495,2495,49.99),(176,'2013-01-07 01:10:03',2549,2549,49.99),(177,'2013-01-07 17:47:46',2525,2525,49.99),(178,'2013-01-09 17:13:54',2619,2619,49.99),(179,'2013-01-10 20:07:54',2576,2576,49.99),(180,'2013-01-12 05:10:13',2711,2711,49.99),(181,'2013-01-15 12:24:45',2715,2715,49.99),(182,'2013-01-15 13:09:56',2621,2621,49.99),(183,'2013-01-17 04:44:14',2752,2752,49.99),(184,'2013-01-17 18:44:28',2660,2660,49.99),(185,'2013-01-19 22:51:37',2790,2790,49.99),(186,'2013-01-24 13:47:12',2755,2755,49.99),(187,'2013-01-27 04:11:13',2777,2777,49.99),(188,'2013-01-27 04:20:14',2789,2789,49.99),(189,'2013-01-28 08:17:35',2805,2805,49.99),(190,'2013-01-29 06:53:06',2846,2846,59.99),(191,'2013-02-01 19:47:16',2961,2961,49.99),(192,'2013-02-01 21:10:04',2833,2833,49.99),(193,'2013-02-02 14:05:43',2911,2911,49.99),(194,'2013-02-03 20:08:05',2978,2978,49.99),(195,'2013-02-06 16:47:17',2998,2998,59.99),(196,'2013-02-07 05:42:43',2906,2906,49.99),(197,'2013-02-07 20:48:37',2913,2913,49.99),(198,'2013-02-10 23:31:08',2958,2958,49.99),(199,'2013-02-12 00:01:58',3079,3079,49.99),(200,'2013-02-12 11:30:22',3014,3014,49.99),(201,'2013-02-12 13:57:44',3019,3019,49.99),(202,'2013-02-13 02:20:25',2999,2999,49.99),(203,'2013-02-14 01:34:01',3073,3073,49.99),(204,'2013-02-20 05:32:09',3048,3048,49.99),(205,'2013-02-20 05:50:45',3067,3067,49.99),(206,'2013-02-20 06:06:12',3284,3284,59.99),(207,'2013-02-22 05:03:31',3109,3109,49.99),(208,'2013-02-22 16:58:52',3297,3297,49.99),(209,'2013-02-26 16:19:54',3199,3199,49.99),(210,'2013-02-27 02:11:35',3118,3118,49.99),(211,'2013-02-27 15:03:31',3355,3355,49.99),(212,'2013-02-28 01:47:26',3178,3178,49.99),(213,'2013-02-28 03:34:35',3380,3380,49.99),(214,'2013-03-02 02:09:14',3306,3306,49.99),(215,'2013-03-02 02:13:15',3396,3396,49.99),(216,'2013-03-04 02:16:39',3313,3313,49.99),(217,'2013-03-05 03:49:45',3487,3487,49.99),(218,'2013-03-05 05:29:03',3373,3373,49.99),(219,'2013-03-05 09:12:30',3425,3425,49.99),(220,'2013-03-06 05:10:24',3400,3400,49.99),(221,'2013-03-06 07:46:28',3316,3316,49.99),(222,'2013-03-07 21:42:06',3452,3452,49.99),(223,'2013-03-08 12:47:00',3524,3524,49.99),(224,'2013-03-08 22:58:45',3517,3517,49.99),(225,'2013-03-10 19:23:47',3417,3417,49.99),(226,'2013-03-17 21:26:57',3499,3499,59.99),(227,'2013-03-19 07:16:03',3607,3607,49.99),(228,'2013-03-19 09:49:01',3573,3573,49.99),(229,'2013-03-20 07:28:22',3563,3563,59.99),(230,'2013-03-21 11:20:07',3585,3585,49.99),(231,'2013-03-22 13:12:35',3549,3549,49.99),(232,'2013-03-24 09:17:09',3633,3633,49.99),(233,'2013-03-26 03:39:53',3632,3632,49.99),(234,'2013-03-31 17:52:14',3806,3806,49.99);
/*!40000 ALTER TABLE `order_item_refunds` ENABLE KEYS */;
UNLOCK TABLES;

--
-- Table structure for table `order_items`
--

DROP TABLE IF EXISTS `order_items`;
/*!40101 SET @saved_cs_client     = @@character_set_client */;
/*!50503 SET character_set_client = utf8mb4 */;
CREATE TABLE `order_items` (
  `order_item_id` bigint NOT NULL,
  `created_at` datetime NOT NULL,
  `order_id` bigint NOT NULL,
  `price_usd` decimal(6,2) NOT NULL,
  `cogs_usd` decimal(6,2) NOT NULL,
  `website_session_id` bigint NOT NULL,
  `product_id` bigint NOT NULL,
  PRIMARY KEY (`order_item_id`),
  KEY `productID` (`product_id`),
  CONSTRAINT `productID` FOREIGN KEY (`product_id`) REFERENCES `products` (`product_id`)
) ENGINE=InnoDB DEFAULT CHARSET=utf8mb4 COLLATE=utf8mb4_0900_ai_ci;
/*!40101 SET character_set_client = @saved_cs_client */;

--
-- Dumping data for table `order_items`
--

LOCK TABLES `order_items` WRITE;
/*!40000 ALTER TABLE `order_items` DISABLE KEYS */;
INSERT INTO `order_items` VALUES (1,'2012-03-19 10:42:46',1,49.99,19.49,20,1),(2,'2012-03-19 19:27:37',2,49.99,19.49,104,1),(3,'2012-03-20 06:44:45',3,49.99,19.49,147,1),(4,'2012-03-20 09:41:45',4,49.99,19.49,160,1),(5,'2012-03-20 11:28:15',5,49.99,19.49,177,1),(6,'2012-03-20 16:12:47',6,49.99,19.49,232,1),(7,'2012-03-20 17:03:41',7,49.99,19.49,241,1),(8,'2012-03-20 23:35:27',8,49.99,19.49,295,1),(9,'2012-03-21 02:35:01',9,49.99,19.49,304,1),(10,'2012-03-21 06:45:58',10,49.99,19.49,317,1),(11,'2012-03-21 07:28:02',11,49.99,19.49,321,1),(12,'2012-03-21 08:21:33',12,49.99,19.49,327,1),(13,'2012-03-21 08:45:32',13,49.99,19.49,332,1),(14,'2012-03-21 09:12:05',14,49.99,19.49,336,1),(15,'2012-03-21 16:40:06',15,49.99,19.49,428,1),(16,'2012-03-21 17:13:05',16,49.99,19.49,434,1),(17,'2012-03-21 20:28:11',17,49.99,19.49,465,1),(18,'2012-03-22 06:15:33',18,49.99,19.49,507,1),(19,'2012-03-22 10:03:49',19,49.99,19.49,536,1),(20,'2012-03-22 17:49:57',20,49.99,19.49,615,1),(21,'2012-03-22 20:33:40',21,49.99,19.49,639,1),(22,'2012-03-23 12:09:46',22,49.99,19.49,732,1),(23,'2012-03-23 14:16:23',23,49.99,19.49,750,1),(24,'2012-03-23 17:14:48',24,49.99,19.49,783,1),(25,'2012-03-24 09:21:40',25,49.99,19.49,844,1),(26,'2012-03-25 08:32:41',26,49.99,19.49,908,1),(27,'2012-03-25 08:51:27',27,49.99,19.49,909,1),(28,'2012-03-25 16:00:12',28,49.99,19.49,940,1),(29,'2012-03-25 21:23:16',29,49.99,19.49,954,1),(30,'2012-03-26 10:03:39',30,49.99,19.49,1018,1),(31,'2012-03-26 10:25:44',31,49.99,19.49,1023,1),(32,'2012-03-26 14:13:56',32,49.99,19.49,1059,1),(33,'2012-03-26 16:00:19',33,49.99,19.49,1081,1),(34,'2012-03-26 17:55:25',34,49.99,19.49,1094,1),(35,'2012-03-26 18:06:39',35,49.99,19.49,1098,1),(36,'2012-03-26 18:54:41',36,49.99,19.49,1105,1),(37,'2012-03-26 19:19:25',37,49.99,19.49,1107,1),(38,'2012-03-26 21:13:07',38,49.99,19.49,1125,1),(39,'2012-03-27 15:18:43',39,49.99,19.49,1243,1),(40,'2012-03-27 16:53:30',40,49.99,19.49,1256,1),(41,'2012-03-28 08:30:06',41,49.99,19.49,1330,1),(42,'2012-03-28 09:56:58',42,49.99,19.49,1343,1),(43,'2012-03-28 16:55:52',43,49.99,19.49,1419,1),(44,'2012-03-28 21:24:10',44,49.99,19.49,1454,1),(45,'2012-03-28 22:45:52',45,49.99,19.49,1463,1),(46,'2012-03-29 16:11:05',46,49.99,19.49,1581,1),(47,'2012-03-29 17:49:07',47,49.99,19.49,1605,1),(48,'2012-03-29 23:09:30',48,49.99,19.49,1643,1),(49,'2012-03-30 00:25:18',49,49.99,19.49,1646,1),(50,'2012-03-30 02:27:35',50,49.99,19.49,1654,1),(51,'2012-03-30 10:06:25',51,49.99,19.49,1685,1),(52,'2012-03-30 10:24:06',52,49.99,19.49,1691,1),(53,'2012-03-30 12:47:30',53,49.99,19.49,1709,1),(54,'2012-03-30 14:26:49',54,49.99,19.49,1726,1),(55,'2012-03-30 14:39:09',55,49.99,19.49,1729,1),(56,'2012-03-31 00:22:18',56,49.99,19.49,1790,1),(57,'2012-03-31 02:32:43',57,49.99,19.49,1802,1),(58,'2012-03-31 06:40:10',58,49.99,19.49,1807,1),(59,'2012-03-31 10:25:39',59,49.99,19.49,1823,1),(60,'2012-03-31 19:24:33',60,49.99,19.49,1863,1),(61,'2012-04-01 06:45:11',61,49.99,19.49,1890,1),(62,'2012-04-01 12:38:27',62,49.99,19.49,1912,1),(63,'2012-04-01 17:33:26',63,49.99,19.49,1939,1),(64,'2012-04-01 18:26:19',64,49.99,19.49,1944,1),(65,'2012-04-02 11:07:48',65,49.99,19.49,2036,1),(66,'2012-04-02 16:32:15',66,49.99,19.49,2089,1),(67,'2012-04-02 17:17:42',67,49.99,19.49,2102,1),(68,'2012-04-02 18:36:27',68,49.99,19.49,2115,1),(69,'2012-04-03 10:29:20',69,49.99,19.49,2210,1),(70,'2012-04-03 11:53:36',70,49.99,19.49,2231,1),(71,'2012-04-03 15:03:48',71,49.99,19.49,2262,1),(72,'2012-04-03 16:31:50',72,49.99,19.49,2291,1),(73,'2012-04-03 16:36:02',73,49.99,19.49,2295,1),(74,'2012-04-03 19:09:43',74,49.99,19.49,2325,1),(75,'2012-04-04 07:47:38',75,49.99,19.49,2392,1),(76,'2012-04-04 11:13:55',76,49.99,19.49,2422,1),(77,'2012-04-04 11:34:52',77,49.99,19.49,2431,1),(78,'2012-04-04 18:21:44',78,49.99,19.49,2514,1),(79,'2012-04-04 19:00:06',79,49.99,19.49,2522,1),(80,'2012-04-05 10:34:00',80,49.99,19.49,2624,1),(81,'2012-04-05 13:15:34',81,49.99,19.49,2668,1),(82,'2012-04-05 20:11:27',82,49.99,19.49,2770,1),(83,'2012-04-06 04:04:23',83,49.99,19.49,2810,1),(84,'2012-04-06 12:16:39',84,49.99,19.49,2879,1),(85,'2012-04-06 17:13:09',85,49.99,19.49,2942,1),(86,'2012-04-06 22:48:48',86,49.99,19.49,2982,1),(87,'2012-04-07 04:47:20',87,49.99,19.49,3000,1),(88,'2012-04-07 16:15:03',88,49.99,19.49,3040,1),(89,'2012-04-07 16:55:38',89,49.99,19.49,3044,1),(90,'2012-04-08 02:25:16',90,49.99,19.49,3077,1),(91,'2012-04-08 05:52:53',91,49.99,19.49,3082,1),(92,'2012-04-08 20:50:48',92,49.99,19.49,3137,1),(93,'2012-04-08 21:10:18',93,49.99,19.49,3139,1),(94,'2012-04-08 22:33:08',94,49.99,19.49,3147,1),(95,'2012-04-09 09:49:50',95,49.99,19.49,3189,1),(96,'2012-04-09 09:50:14',96,49.99,19.49,3188,1),(97,'2012-04-09 11:25:30',97,49.99,19.49,3208,1),(98,'2012-04-09 15:01:23',98,49.99,19.49,3247,1),(99,'2012-04-09 19:48:47',99,49.99,19.49,3295,1),(100,'2012-04-09 20:28:57',100,49.99,19.49,3299,1),(101,'2012-04-09 22:56:37',101,49.99,19.49,3318,1),(102,'2012-04-09 23:25:30',102,49.99,19.49,3322,1),(103,'2012-04-10 14:21:17',103,49.99,19.49,3421,1),(104,'2012-04-10 16:40:18',104,49.99,19.49,3446,1),(105,'2012-04-10 22:27:09',105,49.99,19.49,3496,1),(106,'2012-04-11 14:13:17',106,49.99,19.49,3604,1),(107,'2012-04-11 15:22:47',107,49.99,19.49,3618,1),(108,'2012-04-11 16:38:56',108,49.99,19.49,3642,1),(109,'2012-04-11 20:19:28',109,49.99,19.49,3683,1),(110,'2012-04-11 21:59:27',110,49.99,19.49,3689,1),(111,'2012-04-12 10:03:06',111,49.99,19.49,3746,1),(112,'2012-04-12 10:51:25',112,49.99,19.49,3765,1),(113,'2012-04-12 13:30:14',113,49.99,19.49,3789,1),(114,'2012-04-12 15:50:47',114,49.99,19.49,3807,1),(115,'2012-04-13 02:13:16',115,49.99,19.49,3873,1),(116,'2012-04-13 14:53:49',116,49.99,19.49,3947,1),(117,'2012-04-14 23:26:48',117,49.99,19.49,4100,1),(118,'2012-04-15 09:00:37',118,49.99,19.49,4119,1),(119,'2012-04-15 13:20:39',119,49.99,19.49,4130,1),(120,'2012-04-15 15:10:58',120,49.99,19.49,4136,1),(121,'2012-04-15 16:36:31',121,49.99,19.49,4140,1),(122,'2012-04-16 13:22:52',122,49.99,19.49,4224,1),(123,'2012-04-16 14:54:24',123,49.99,19.49,4232,1),(124,'2012-04-16 15:03:23',124,49.99,19.49,4235,1),(125,'2012-04-16 17:59:57',125,49.99,19.49,4249,1),(126,'2012-04-16 19:33:33',126,49.99,19.49,4258,1),(127,'2012-04-17 19:20:42',127,49.99,19.49,4372,1),(128,'2012-04-18 10:28:38',128,49.99,19.49,4420,1),(129,'2012-04-18 12:10:33',129,49.99,19.49,4437,1),(130,'2012-04-18 18:51:07',130,49.99,19.49,4490,1),(131,'2012-04-18 19:59:44',131,49.99,19.49,4501,1),(132,'2012-04-19 07:42:08',132,49.99,19.49,4531,1),(133,'2012-04-19 13:21:03',133,49.99,19.49,4559,1),(134,'2012-04-19 14:19:40',134,49.99,19.49,4566,1),(135,'2012-04-19 14:20:15',135,49.99,19.49,4567,1),(136,'2012-04-19 19:02:48',136,49.99,19.49,4605,1),(137,'2012-04-19 21:50:45',137,49.99,19.49,4620,1),(138,'2012-04-20 14:02:15',138,49.99,19.49,4685,1),(139,'2012-04-21 17:39:59',139,49.99,19.49,4770,1),(140,'2012-04-22 11:01:02',140,49.99,19.49,4801,1),(141,'2012-04-22 16:58:22',141,49.99,19.49,4815,1),(142,'2012-04-22 21:22:31',142,49.99,19.49,4828,1),(143,'2012-04-23 11:07:52',143,49.99,19.49,4878,1),(144,'2012-04-23 11:27:53',144,49.99,19.49,4881,1),(145,'2012-04-23 12:31:17',145,49.99,19.49,4889,1),(146,'2012-04-23 17:12:15',146,49.99,19.49,4923,1),(147,'2012-04-23 20:59:07',147,49.99,19.49,4943,1),(148,'2012-04-23 22:39:58',148,49.99,19.49,4951,1),(149,'2012-04-23 22:57:17',149,49.99,19.49,4952,1),(150,'2012-04-24 19:22:17',150,49.99,19.49,5054,1),(151,'2012-04-24 23:13:26',151,49.99,19.49,5065,1),(152,'2012-04-25 21:05:32',152,49.99,19.49,5151,1),(153,'2012-04-26 15:35:59',153,49.99,19.49,5252,1),(154,'2012-04-26 17:43:19',154,49.99,19.49,5270,1),(155,'2012-04-26 22:22:55',155,49.99,19.49,5292,1),(156,'2012-04-27 01:22:32',156,49.99,19.49,5297,1),(157,'2012-04-27 19:42:18',157,49.99,19.49,5386,1),(158,'2012-04-29 16:58:56',158,49.99,19.49,5458,1),(159,'2012-04-30 12:14:59',159,49.99,19.49,5538,1),(160,'2012-05-01 03:50:09',160,49.99,19.49,5619,1),(161,'2012-05-01 10:34:08',161,49.99,19.49,5650,1),(162,'2012-05-01 11:20:19',162,49.99,19.49,5654,1),(163,'2012-05-01 12:10:41',163,49.99,19.49,5663,1),(164,'2012-05-01 16:25:31',164,49.99,19.49,5705,1),(165,'2012-05-02 11:50:21',165,49.99,19.49,5820,1),(166,'2012-05-02 12:56:44',166,49.99,19.49,5830,1),(167,'2012-05-02 17:15:10',167,49.99,19.49,5870,1),(168,'2012-05-02 17:24:00',168,49.99,19.49,5873,1),(169,'2012-05-03 09:03:53',169,49.99,19.49,5925,1),(170,'2012-05-03 09:40:22',170,49.99,19.49,5927,1),(171,'2012-05-03 15:19:38',171,49.99,19.49,5976,1),(172,'2012-05-03 16:24:32',172,49.99,19.49,5987,1),(173,'2012-05-03 23:52:58',173,49.99,19.49,6017,1),(174,'2012-05-04 05:22:36',174,49.99,19.49,6036,1),(175,'2012-05-04 10:24:35',175,49.99,19.49,6056,1),(176,'2012-05-04 16:56:05',176,49.99,19.49,6123,1),(177,'2012-05-08 15:59:05',177,49.99,19.49,6481,1),(178,'2012-05-08 16:18:21',178,49.99,19.49,6487,1),(179,'2012-05-09 01:00:09',179,49.99,19.49,6536,1),(180,'2012-05-09 01:40:07',180,49.99,19.49,6539,1),(181,'2012-05-09 09:04:41',181,49.99,19.49,6562,1),(182,'2012-05-09 10:16:50',182,49.99,19.49,6571,1),(183,'2012-05-09 13:36:25',183,49.99,19.49,6603,1),(184,'2012-05-09 14:59:36',184,49.99,19.49,6614,1),(185,'2012-05-09 17:01:21',185,49.99,19.49,6629,1),(186,'2012-05-09 17:41:14',186,49.99,19.49,6637,1),(187,'2012-05-10 09:54:16',187,49.99,19.49,6692,1),(188,'2012-05-10 18:45:17',188,49.99,19.49,6765,1),(189,'2012-05-10 21:29:58',189,49.99,19.49,6781,1),(190,'2012-05-11 11:10:14',190,49.99,19.49,6836,1),(191,'2012-05-11 15:06:01',191,49.99,19.49,6889,1),(192,'2012-05-11 21:20:08',192,49.99,19.49,6927,1),(193,'2012-05-12 20:44:15',193,49.99,19.49,6993,1),(194,'2012-05-13 08:21:23',194,49.99,19.49,7018,1),(195,'2012-05-13 15:56:25',195,49.99,19.49,7035,1),(196,'2012-05-13 17:04:33',196,49.99,19.49,7042,1),(197,'2012-05-14 18:33:40',197,49.99,19.49,7140,1),(198,'2012-05-14 18:51:18',198,49.99,19.49,7144,1),(199,'2012-05-15 03:20:44',199,49.99,19.49,7175,1),(200,'2012-05-15 05:20:02',200,49.99,19.49,7178,1),(201,'2012-05-15 05:28:05',201,49.99,19.49,7179,1),(202,'2012-05-15 08:13:34',202,49.99,19.49,7188,1),(203,'2012-05-15 08:56:05',203,49.99,19.49,7191,1),(204,'2012-05-15 15:06:45',204,49.99,19.49,7240,1),(205,'2012-05-15 15:29:52',205,49.99,19.49,7245,1),(206,'2012-05-15 17:26:16',206,49.99,19.49,7263,1),(207,'2012-05-16 05:07:43',207,49.99,19.49,7311,1),(208,'2012-05-16 05:33:50',208,49.99,19.49,7312,1),(209,'2012-05-17 00:34:13',209,49.99,19.49,7421,1),(210,'2012-05-17 16:23:20',210,49.99,19.49,7507,1),(211,'2012-05-17 19:33:38',211,49.99,19.49,7528,1),(212,'2012-05-18 10:29:28',212,49.99,19.49,7577,1),(213,'2012-05-18 11:38:07',213,49.99,19.49,7590,1),(214,'2012-05-18 13:43:00',214,49.99,19.49,7597,1),(215,'2012-05-18 14:24:34',215,49.99,19.49,7604,1),(216,'2012-05-19 03:45:52',216,49.99,19.49,7663,1),(217,'2012-05-20 00:54:14',217,49.99,19.49,7710,1),(218,'2012-05-20 09:53:49',218,49.99,19.49,7734,1),(219,'2012-05-20 22:54:22',219,49.99,19.49,7787,1),(220,'2012-05-20 23:15:35',220,49.99,19.49,7792,1),(221,'2012-05-20 23:36:57',221,49.99,19.49,7795,1),(222,'2012-05-21 05:26:35',222,49.99,19.49,7820,1),(223,'2012-05-21 11:52:18',223,49.99,19.49,7864,1),(224,'2012-05-21 16:48:12',224,49.99,19.49,7906,1),(225,'2012-05-21 22:15:20',225,49.99,19.49,7947,1),(226,'2012-05-22 05:15:47',226,49.99,19.49,7973,1),(227,'2012-05-22 06:15:19',227,49.99,19.49,7978,1),(228,'2012-05-22 11:40:48',228,49.99,19.49,8001,1),(229,'2012-05-22 13:00:49',229,49.99,19.49,8011,1),(230,'2012-05-22 16:53:01',230,49.99,19.49,8060,1),(231,'2012-05-23 03:29:12',231,49.99,19.49,8130,1),(232,'2012-05-23 22:13:43',232,49.99,19.49,8265,1),(233,'2012-05-23 23:24:06',233,49.99,19.49,8272,1),(234,'2012-05-24 19:34:52',234,49.99,19.49,8435,1),(235,'2012-05-24 20:47:20',235,49.99,19.49,8447,1),(236,'2012-05-25 04:56:43',236,49.99,19.49,8479,1),(237,'2012-05-25 05:03:31',237,49.99,19.49,8480,1),(238,'2012-05-25 11:32:25',238,49.99,19.49,8519,1),(239,'2012-05-25 14:34:54',239,49.99,19.49,8543,1),(240,'2012-05-25 14:47:19',240,49.99,19.49,8546,1),(241,'2012-05-25 16:22:45',241,49.99,19.49,8569,1),(242,'2012-05-26 13:48:44',242,49.99,19.49,8642,1),(243,'2012-05-26 14:12:31',243,49.99,19.49,8643,1),(244,'2012-05-26 17:15:58',244,49.99,19.49,8656,1),(245,'2012-05-27 09:35:20',245,49.99,19.49,8694,1),(246,'2012-05-27 23:20:09',246,49.99,19.49,8738,1),(247,'2012-05-28 01:00:08',247,49.99,19.49,8748,1),(248,'2012-05-28 06:32:53',248,49.99,19.49,8766,1),(249,'2012-05-28 15:16:53',249,49.99,19.49,8810,1),(250,'2012-05-29 06:08:15',250,49.99,19.49,8874,1),(251,'2012-05-29 10:25:35',251,49.99,19.49,8903,1),(252,'2012-05-29 10:28:05',252,49.99,19.49,8905,1),(253,'2012-05-29 11:52:28',253,49.99,19.49,8921,1),(254,'2012-05-29 15:26:24',254,49.99,19.49,8953,1),(255,'2012-05-29 16:36:43',255,49.99,19.49,8963,1),(256,'2012-05-29 17:05:01',256,49.99,19.49,8971,1),(257,'2012-05-29 23:52:45',257,49.99,19.49,9020,1),(258,'2012-05-30 03:09:09',258,49.99,19.49,9032,1),(259,'2012-05-30 07:56:12',259,49.99,19.49,9042,1),(260,'2012-05-30 12:03:14',260,49.99,19.49,9073,1),(261,'2012-05-30 20:49:37',261,49.99,19.49,9166,1),(262,'2012-05-30 23:02:24',262,49.99,19.49,9176,1),(263,'2012-05-31 05:33:03',263,49.99,19.49,9193,1),(264,'2012-05-31 09:04:38',264,49.99,19.49,9216,1),(265,'2012-05-31 11:07:52',265,49.99,19.49,9240,1),(266,'2012-05-31 16:48:56',266,49.99,19.49,9294,1),(267,'2012-05-31 23:09:54',267,49.99,19.49,9342,1),(268,'2012-06-01 06:22:07',268,49.99,19.49,9363,1),(269,'2012-06-01 12:48:56',269,49.99,19.49,9412,1),(270,'2012-06-01 12:57:29',270,49.99,19.49,9413,1),(271,'2012-06-01 14:22:14',271,49.99,19.49,9428,1),(272,'2012-06-01 18:27:57',272,49.99,19.49,9460,1),(273,'2012-06-01 20:13:43',273,49.99,19.49,9467,1),(274,'2012-06-02 13:04:20',274,49.99,19.49,9514,1),(275,'2012-06-02 23:36:33',275,49.99,19.49,9547,1),(276,'2012-06-03 07:08:32',276,49.99,19.49,9562,1),(277,'2012-06-03 10:20:20',277,49.99,19.49,9568,1),(278,'2012-06-03 17:07:33',278,49.99,19.49,9590,1),(279,'2012-06-03 18:13:27',279,49.99,19.49,9592,1),(280,'2012-06-04 01:52:42',280,49.99,19.49,9617,1),(281,'2012-06-04 18:54:32',281,49.99,19.49,9735,1),(282,'2012-06-05 00:05:08',282,49.99,19.49,9765,1),(283,'2012-06-05 00:43:45',283,49.99,19.49,9769,1),(284,'2012-06-05 03:25:52',284,49.99,19.49,9779,1),(285,'2012-06-05 11:58:32',285,49.99,19.49,9819,1),(286,'2012-06-05 14:05:13',286,49.99,19.49,9849,1),(287,'2012-06-06 01:28:55',287,49.99,19.49,9915,1),(288,'2012-06-06 08:14:09',288,49.99,19.49,9932,1),(289,'2012-06-06 09:43:17',289,49.99,19.49,9942,1),(290,'2012-06-06 10:54:47',290,49.99,19.49,9954,1),(291,'2012-06-06 13:05:33',291,49.99,19.49,9989,1),(292,'2012-06-06 16:36:33',292,49.99,19.49,10020,1),(293,'2012-06-06 17:40:07',293,49.99,19.49,10033,1),(294,'2012-06-06 18:13:18',294,49.99,19.49,10041,1),(295,'2012-06-07 06:41:57',295,49.99,19.49,10105,1),(296,'2012-06-07 09:31:47',296,49.99,19.49,10122,1),(297,'2012-06-07 11:52:01',297,49.99,19.49,10151,1),(298,'2012-06-07 12:51:42',298,49.99,19.49,10167,1),(299,'2012-06-07 13:34:27',299,49.99,19.49,10177,1),(300,'2012-06-07 20:46:55',300,49.99,19.49,10244,1),(301,'2012-06-08 00:03:33',301,49.99,19.49,10265,1),(302,'2012-06-08 01:47:40',302,49.99,19.49,10269,1),(303,'2012-06-08 06:25:01',303,49.99,19.49,10277,1),(304,'2012-06-08 09:11:42',304,49.99,19.49,10291,1),(305,'2012-06-08 10:07:24',305,49.99,19.49,10300,1),(306,'2012-06-08 13:58:12',306,49.99,19.49,10335,1),(307,'2012-06-09 03:07:43',307,49.99,19.49,10411,1),(308,'2012-06-09 14:35:34',308,49.99,19.49,10442,1),(309,'2012-06-09 23:54:32',309,49.99,19.49,10468,1),(310,'2012-06-10 18:55:21',310,49.99,19.49,10517,1),(311,'2012-06-10 19:48:05',311,49.99,19.49,10518,1),(312,'2012-06-10 21:39:55',312,49.99,19.49,10526,1),(313,'2012-06-11 09:36:20',313,49.99,19.49,10575,1),(314,'2012-06-11 10:54:00',314,49.99,19.49,10591,1),(315,'2012-06-11 11:01:26',315,49.99,19.49,10600,1),(316,'2012-06-11 11:47:49',316,49.99,19.49,10605,1),(317,'2012-06-11 18:56:38',317,49.99,19.49,10674,1),(318,'2012-06-12 02:14:58',318,49.99,19.49,10719,1),(319,'2012-06-12 04:20:51',319,49.99,19.49,10721,1),(320,'2012-06-12 11:24:59',320,49.99,19.49,10752,1),(321,'2012-06-12 14:26:12',321,49.99,19.49,10787,1),(322,'2012-06-12 19:17:57',322,49.99,19.49,10837,1),(323,'2012-06-13 06:04:27',323,49.99,19.49,10886,1),(324,'2012-06-13 10:37:39',324,49.99,19.49,10918,1),(325,'2012-06-13 10:58:10',325,49.99,19.49,10922,1),(326,'2012-06-13 11:16:36',326,49.99,19.49,10927,1),(327,'2012-06-13 11:20:33',327,49.99,19.49,10926,1),(328,'2012-06-13 11:50:45',328,49.99,19.49,10937,1),(329,'2012-06-13 12:29:01',329,49.99,19.49,10946,1),(330,'2012-06-13 14:02:27',330,49.99,19.49,10971,1),(331,'2012-06-13 15:21:05',331,49.99,19.49,10985,1),(332,'2012-06-13 17:09:12',332,49.99,19.49,11007,1),(333,'2012-06-14 14:26:25',333,49.99,19.49,11154,1),(334,'2012-06-15 13:58:14',334,49.99,19.49,11322,1),(335,'2012-06-15 23:13:12',335,49.99,19.49,11386,1),(336,'2012-06-16 00:01:59',336,49.99,19.49,11389,1),(337,'2012-06-16 03:33:59',337,49.99,19.49,11397,1),(338,'2012-06-16 12:01:25',338,49.99,19.49,11418,1),(339,'2012-06-17 15:38:35',339,49.99,19.49,11502,1),(340,'2012-06-17 19:48:58',340,49.99,19.49,11520,1),(341,'2012-06-17 22:07:17',341,49.99,19.49,11530,1),(342,'2012-06-17 22:28:00',342,49.99,19.49,11531,1),(343,'2012-06-18 00:56:42',343,49.99,19.49,11543,1),(344,'2012-06-18 13:34:15',344,49.99,19.49,11616,1),(345,'2012-06-18 14:05:16',345,49.99,19.49,11618,1),(346,'2012-06-18 15:11:43',346,49.99,19.49,11629,1),(347,'2012-06-18 18:59:55',347,49.99,19.49,11657,1),(348,'2012-06-18 21:48:03',348,49.99,19.49,11670,1),(349,'2012-06-18 22:57:16',349,49.99,19.49,11677,1),(350,'2012-06-19 11:32:52',350,49.99,19.49,11729,1),(351,'2012-06-19 12:18:16',351,49.99,19.49,11739,1),(352,'2012-06-19 13:30:33',352,49.99,19.49,11756,1),(353,'2012-06-19 13:52:26',353,49.99,19.49,11762,1),(354,'2012-06-19 16:48:25',354,49.99,19.49,11801,1),(355,'2012-06-19 20:11:05',355,49.99,19.49,11835,1),(356,'2012-06-20 11:33:35',356,49.99,19.49,11917,1),(357,'2012-06-20 13:50:01',357,49.99,19.49,11946,1),(358,'2012-06-20 14:47:06',358,49.99,19.49,11957,1),(359,'2012-06-20 16:00:38',359,49.99,19.49,11971,1),(360,'2012-06-20 17:08:38',360,49.99,19.49,11985,1),(361,'2012-06-20 22:54:44',361,49.99,19.49,12028,1),(362,'2012-06-21 04:58:24',362,49.99,19.49,12047,1),(363,'2012-06-21 08:15:41',363,49.99,19.49,12065,1),(364,'2012-06-21 11:10:30',364,49.99,19.49,12086,1),(365,'2012-06-21 16:25:33',365,49.99,19.49,12141,1),(366,'2012-06-21 19:59:44',366,49.99,19.49,12168,1),(367,'2012-06-22 08:41:18',367,49.99,19.49,12216,1),(368,'2012-06-22 11:36:44',368,49.99,19.49,12243,1),(369,'2012-06-22 14:33:43',369,49.99,19.49,12284,1),(370,'2012-06-22 18:49:05',370,49.99,19.49,12321,1),(371,'2012-06-22 19:33:16',371,49.99,19.49,12329,1),(372,'2012-06-23 12:06:08',372,49.99,19.49,12388,1),(373,'2012-06-23 13:40:12',373,49.99,19.49,12394,1),(374,'2012-06-23 16:36:18',374,49.99,19.49,12408,1),(375,'2012-06-23 22:43:23',375,49.99,19.49,12424,1),(376,'2012-06-24 22:23:27',376,49.99,19.49,12478,1),(377,'2012-06-24 22:31:20',377,49.99,19.49,12479,1),(378,'2012-06-25 07:54:20',378,49.99,19.49,12509,1),(379,'2012-06-25 15:26:00',379,49.99,19.49,12568,1),(380,'2012-06-25 16:15:11',380,49.99,19.49,12579,1),(381,'2012-06-25 19:33:29',381,49.99,19.49,12604,1),(382,'2012-06-25 19:54:22',382,49.99,19.49,12605,1),(383,'2012-06-26 11:55:47',383,49.99,19.49,12672,1),(384,'2012-06-26 15:30:33',384,49.99,19.49,12699,1),(385,'2012-06-26 16:06:17',385,49.99,19.49,12708,1),(386,'2012-06-26 18:57:33',386,49.99,19.49,12738,1),(387,'2012-06-26 21:13:49',387,49.99,19.49,12760,1),(388,'2012-06-27 08:32:24',388,49.99,19.49,12807,1),(389,'2012-06-27 08:47:31',389,49.99,19.49,12809,1),(390,'2012-06-27 11:00:53',390,49.99,19.49,12831,1),(391,'2012-06-27 11:54:28',391,49.99,19.49,12837,1),(392,'2012-06-27 17:25:39',392,49.99,19.49,12912,1),(393,'2012-06-27 19:31:05',393,49.99,19.49,12927,1),(394,'2012-06-28 10:23:55',394,49.99,19.49,12988,1),(395,'2012-06-28 13:40:38',395,49.99,19.49,13016,1),(396,'2012-06-28 16:39:38',396,49.99,19.49,13046,1),(397,'2012-06-28 19:34:15',397,49.99,19.49,13073,1),(398,'2012-06-28 20:48:11',398,49.99,19.49,13081,1),(399,'2012-06-28 20:56:06',399,49.99,19.49,13083,1),(400,'2012-06-28 22:09:09',400,49.99,19.49,13089,1),(401,'2012-06-28 22:24:39',401,49.99,19.49,13093,1),(402,'2012-06-28 22:31:35',402,49.99,19.49,13094,1),(403,'2012-06-29 16:09:23',403,49.99,19.49,13194,1),(404,'2012-06-29 18:43:37',404,49.99,19.49,13221,1),(405,'2012-06-30 15:17:20',405,49.99,19.49,13285,1),(406,'2012-06-30 15:36:55',406,49.99,19.49,13287,1),(407,'2012-06-30 19:50:24',407,49.99,19.49,13297,1),(408,'2012-07-01 04:39:15',408,49.99,19.49,13319,1),(409,'2012-07-02 13:24:53',409,49.99,19.49,13460,1),(410,'2012-07-02 16:45:36',410,49.99,19.49,13494,1),(411,'2012-07-02 17:54:02',411,49.99,19.49,13510,1),(412,'2012-07-03 08:18:59',412,49.99,19.49,13571,1),(413,'2012-07-03 10:42:14',413,49.99,19.49,13591,1),(414,'2012-07-03 16:47:31',414,49.99,19.49,13663,1),(415,'2012-07-03 19:10:49',415,49.99,19.49,13694,1),(416,'2012-07-04 05:03:48',416,49.99,19.49,13726,1),(417,'2012-07-04 10:01:15',417,49.99,19.49,13745,1),(418,'2012-07-04 10:47:55',418,49.99,19.49,13752,1),(419,'2012-07-04 11:06:26',419,49.99,19.49,13754,1),(420,'2012-07-04 14:43:10',420,49.99,19.49,13782,1),(421,'2012-07-04 18:29:11',421,49.99,19.49,13812,1),(422,'2012-07-05 00:47:21',422,49.99,19.49,13843,1),(423,'2012-07-05 04:47:21',423,49.99,19.49,13857,1),(424,'2012-07-05 09:59:09',424,49.99,19.49,13880,1),(425,'2012-07-05 11:14:31',425,49.99,19.49,13891,1),(426,'2012-07-05 16:37:59',426,49.99,19.49,13949,1),(427,'2012-07-05 19:49:47',427,49.99,19.49,13975,1),(428,'2012-07-05 20:41:36',428,49.99,19.49,13981,1),(429,'2012-07-06 11:27:19',429,49.99,19.49,14062,1),(430,'2012-07-06 14:55:59',430,49.99,19.49,14098,1),(431,'2012-07-06 18:26:30',431,49.99,19.49,14124,1),(432,'2012-07-06 19:31:49',432,49.99,19.49,14129,1),(433,'2012-07-06 23:22:36',433,49.99,19.49,14147,1),(434,'2012-07-07 03:59:22',434,49.99,19.49,14157,1),(435,'2012-07-07 11:23:00',435,49.99,19.49,14170,1),(436,'2012-07-07 15:54:15',436,49.99,19.49,14186,1),(437,'2012-07-07 17:04:54',437,49.99,19.49,14195,1),(438,'2012-07-08 01:02:03',438,49.99,19.49,14205,1),(439,'2012-07-08 09:24:08',439,49.99,19.49,14219,1),(440,'2012-07-09 01:52:21',440,49.99,19.49,14289,1),(441,'2012-07-09 09:42:21',441,49.99,19.49,14307,1),(442,'2012-07-09 13:16:10',442,49.99,19.49,14346,1),(443,'2012-07-09 13:45:45',443,49.99,19.49,14357,1),(444,'2012-07-09 13:49:41',444,49.99,19.49,14354,1),(445,'2012-07-09 15:11:16',445,49.99,19.49,14377,1),(446,'2012-07-09 16:22:11',446,49.99,19.49,14383,1),(447,'2012-07-10 10:05:45',447,49.99,19.49,14460,1),(448,'2012-07-10 10:29:22',448,49.99,19.49,14462,1),(449,'2012-07-10 11:39:32',449,49.99,19.49,14476,1),(450,'2012-07-10 18:36:11',450,49.99,19.49,14550,1),(451,'2012-07-10 20:15:01',451,49.99,19.49,14564,1),(452,'2012-07-10 21:09:44',452,49.99,19.49,14567,1),(453,'2012-07-11 05:50:22',453,49.99,19.49,14604,1),(454,'2012-07-11 09:23:53',454,49.99,19.49,14623,1),(455,'2012-07-11 12:21:30',455,49.99,19.49,14657,1),(456,'2012-07-11 12:52:47',456,49.99,19.49,14663,1),(457,'2012-07-11 13:24:17',457,49.99,19.49,14671,1),(458,'2012-07-11 13:47:21',458,49.99,19.49,14678,1),(459,'2012-07-11 13:48:14',459,49.99,19.49,14679,1),(460,'2012-07-11 15:06:13',460,49.99,19.49,14688,1),(461,'2012-07-11 16:03:49',461,49.99,19.49,14698,1),(462,'2012-07-12 16:32:46',462,49.99,19.49,14865,1),(463,'2012-07-12 19:04:07',463,49.99,19.49,14889,1),(464,'2012-07-12 19:52:36',464,49.99,19.49,14895,1),(465,'2012-07-12 23:48:07',465,49.99,19.49,14918,1),(466,'2012-07-13 08:10:50',466,49.99,19.49,14943,1),(467,'2012-07-13 10:41:18',467,49.99,19.49,14960,1),(468,'2012-07-13 13:03:58',468,49.99,19.49,14979,1),(469,'2012-07-13 23:45:01',469,49.99,19.49,15051,1),(470,'2012-07-14 02:51:53',470,49.99,19.49,15056,1),(471,'2012-07-14 12:53:11',471,49.99,19.49,15094,1),(472,'2012-07-14 14:57:16',472,49.99,19.49,15102,1),(473,'2012-07-14 15:30:54',473,49.99,19.49,15103,1),(474,'2012-07-15 01:38:13',474,49.99,19.49,15134,1),(475,'2012-07-15 10:16:15',475,49.99,19.49,15153,1),(476,'2012-07-15 12:04:18',476,49.99,19.49,15156,1),(477,'2012-07-15 14:13:43',477,49.99,19.49,15173,1),(478,'2012-07-15 19:03:48',478,49.99,19.49,15188,1),(479,'2012-07-15 19:50:21',479,49.99,19.49,15194,1),(480,'2012-07-16 10:46:43',480,49.99,19.49,15263,1),(481,'2012-07-16 11:31:07',481,49.99,19.49,15269,1),(482,'2012-07-16 13:27:03',482,49.99,19.49,15292,1),(483,'2012-07-16 15:25:14',483,49.99,19.49,15313,1),(484,'2012-07-16 18:34:41',484,49.99,19.49,15339,1),(485,'2012-07-16 19:17:59',485,49.99,19.49,15343,1),(486,'2012-07-17 00:45:50',486,49.99,19.49,15366,1),(487,'2012-07-17 05:43:11',487,49.99,19.49,15375,1),(488,'2012-07-17 13:18:34',488,49.99,19.49,15440,1),(489,'2012-07-17 13:23:08',489,49.99,19.49,15444,1),(490,'2012-07-17 17:21:16',490,49.99,19.49,15490,1),(491,'2012-07-17 18:08:05',491,49.99,19.49,15503,1),(492,'2012-07-17 20:29:43',492,49.99,19.49,15527,1),(493,'2012-07-17 21:21:08',493,49.99,19.49,15534,1),(494,'2012-07-18 08:25:04',494,49.99,19.49,15570,1),(495,'2012-07-18 10:18:16',495,49.99,19.49,15584,1),(496,'2012-07-18 22:06:59',496,49.99,19.49,15711,1),(497,'2012-07-18 23:31:30',497,49.99,19.49,15716,1),(498,'2012-07-19 11:13:56',498,49.99,19.49,15776,1),(499,'2012-07-19 15:54:59',499,49.99,19.49,15819,1),(500,'2012-07-19 17:43:50',500,49.99,19.49,15845,1),(501,'2012-07-19 21:50:52',501,49.99,19.49,15872,1),(502,'2012-07-19 23:02:09',502,49.99,19.49,15883,1),(503,'2012-07-20 00:24:37',503,49.99,19.49,15891,1),(504,'2012-07-20 05:33:28',504,49.99,19.49,15903,1),(505,'2012-07-20 07:15:50',505,49.99,19.49,15907,1),(506,'2012-07-20 08:57:24',506,49.99,19.49,15918,1),(507,'2012-07-20 15:29:01',507,49.99,19.49,15984,1),(508,'2012-07-20 16:43:14',508,49.99,19.49,16003,1),(509,'2012-07-20 16:48:55',509,49.99,19.49,16002,1),(510,'2012-07-20 17:02:38',510,49.99,19.49,16005,1),(511,'2012-07-20 17:06:32',511,49.99,19.49,16004,1),(512,'2012-07-20 17:10:04',512,49.99,19.49,16007,1),(513,'2012-07-20 18:44:15',513,49.99,19.49,16025,1),(514,'2012-07-20 20:41:06',514,49.99,19.49,16037,1),(515,'2012-07-20 20:52:28',515,49.99,19.49,16038,1),(516,'2012-07-21 04:05:00',516,49.99,19.49,16061,1),(517,'2012-07-21 08:55:15',517,49.99,19.49,16069,1),(518,'2012-07-21 11:33:18',518,49.99,19.49,16076,1),(519,'2012-07-21 18:06:33',519,49.99,19.49,16099,1),(520,'2012-07-21 23:59:25',520,49.99,19.49,16115,1),(521,'2012-07-22 03:43:01',521,49.99,19.49,16121,1),(522,'2012-07-22 12:55:16',522,49.99,19.49,16145,1),(523,'2012-07-22 20:55:07',523,49.99,19.49,16172,1),(524,'2012-07-23 03:10:58',524,49.99,19.49,16190,1),(525,'2012-07-23 06:09:52',525,49.99,19.49,16200,1),(526,'2012-07-23 08:47:18',526,49.99,19.49,16214,1),(527,'2012-07-23 10:07:03',527,49.99,19.49,16230,1),(528,'2012-07-23 13:33:06',528,49.99,19.49,16273,1),(529,'2012-07-23 17:31:02',529,49.99,19.49,16308,1),(530,'2012-07-23 18:23:49',530,49.99,19.49,16320,1),(531,'2012-07-24 10:38:29',531,49.99,19.49,16405,1),(532,'2012-07-24 11:09:44',532,49.99,19.49,16412,1),(533,'2012-07-24 12:25:30',533,49.99,19.49,16421,1),(534,'2012-07-24 16:37:52',534,49.99,19.49,16462,1),(535,'2012-07-24 20:59:33',535,49.99,19.49,16505,1),(536,'2012-07-24 21:17:15',536,49.99,19.49,16507,1),(537,'2012-07-24 22:25:22',537,49.99,19.49,16509,1),(538,'2012-07-25 03:01:08',538,49.99,19.49,16519,1),(539,'2012-07-25 12:00:02',539,49.99,19.49,16581,1),(540,'2012-07-25 12:06:20',540,49.99,19.49,16587,1),(541,'2012-07-25 12:09:18',541,49.99,19.49,16586,1),(542,'2012-07-25 12:14:12',542,49.99,19.49,16589,1),(543,'2012-07-25 17:50:25',543,49.99,19.49,16641,1),(544,'2012-07-26 01:13:26',544,49.99,19.49,16689,1),(545,'2012-07-26 09:45:11',545,49.99,19.49,16721,1),(546,'2012-07-26 12:59:30',546,49.99,19.49,16751,1),(547,'2012-07-26 14:54:17',547,49.99,19.49,16768,1),(548,'2012-07-26 15:48:29',548,49.99,19.49,16779,1),(549,'2012-07-26 18:18:16',549,49.99,19.49,16807,1),(550,'2012-07-26 20:26:05',550,49.99,19.49,16825,1),(551,'2012-07-26 22:51:32',551,49.99,19.49,16839,1),(552,'2012-07-27 04:28:00',552,49.99,19.49,16852,1),(553,'2012-07-27 06:31:24',553,49.99,19.49,16859,1),(554,'2012-07-27 06:56:07',554,49.99,19.49,16862,1),(555,'2012-07-27 11:14:55',555,49.99,19.49,16897,1),(556,'2012-07-27 12:38:13',556,49.99,19.49,16912,1),(557,'2012-07-27 19:36:31',557,49.99,19.49,16971,1),(558,'2012-07-28 01:14:14',558,49.99,19.49,16993,1),(559,'2012-07-28 13:24:23',559,49.99,19.49,17033,1),(560,'2012-07-28 14:15:42',560,49.99,19.49,17038,1),(561,'2012-07-28 20:52:03',561,49.99,19.49,17061,1),(562,'2012-07-29 12:51:38',562,49.99,19.49,17096,1),(563,'2012-07-29 17:11:18',563,49.99,19.49,17120,1),(564,'2012-07-29 20:39:03',564,49.99,19.49,17129,1),(565,'2012-07-29 23:11:31',565,49.99,19.49,17141,1),(566,'2012-07-30 08:57:32',566,49.99,19.49,17192,1),(567,'2012-07-30 14:53:20',567,49.99,19.49,17274,1),(568,'2012-07-30 15:16:41',568,49.99,19.49,17276,1),(569,'2012-07-30 17:27:05',569,49.99,19.49,17298,1),(570,'2012-07-31 02:30:41',570,49.99,19.49,17370,1),(571,'2012-07-31 03:32:22',571,49.99,19.49,17376,1),(572,'2012-07-31 05:02:09',572,49.99,19.49,17381,1),(573,'2012-07-31 11:21:31',573,49.99,19.49,17421,1),(574,'2012-07-31 13:27:41',574,49.99,19.49,17451,1),(575,'2012-07-31 16:34:26',575,49.99,19.49,17503,1),(576,'2012-07-31 22:55:03',576,49.99,19.49,17553,1),(577,'2012-08-01 08:39:11',577,49.99,19.49,17593,1),(578,'2012-08-01 08:44:10',578,49.99,19.49,17594,1),(579,'2012-08-01 12:03:39',579,49.99,19.49,17642,1),(580,'2012-08-01 12:40:03',580,49.99,19.49,17656,1),(581,'2012-08-01 12:42:29',581,49.99,19.49,17657,1),(582,'2012-08-01 13:49:30',582,49.99,19.49,17670,1),(583,'2012-08-01 15:27:35',583,49.99,19.49,17694,1),(584,'2012-08-01 15:43:39',584,49.99,19.49,17702,1),(585,'2012-08-01 18:03:07',585,49.99,19.49,17729,1),(586,'2012-08-01 21:09:03',586,49.99,19.49,17760,1),(587,'2012-08-02 01:58:58',587,49.99,19.49,17780,1),(588,'2012-08-02 02:04:06',588,49.99,19.49,17781,1),(589,'2012-08-02 08:47:40',589,49.99,19.49,17802,1),(590,'2012-08-02 08:51:55',590,49.99,19.49,17801,1),(591,'2012-08-02 09:04:40',591,49.99,19.49,17803,1),(592,'2012-08-02 10:19:15',592,49.99,19.49,17815,1),(593,'2012-08-02 11:39:01',593,49.99,19.49,17829,1),(594,'2012-08-02 13:14:31',594,49.99,19.49,17851,1),(595,'2012-08-02 13:33:45',595,49.99,19.49,17860,1),(596,'2012-08-02 13:44:42',596,49.99,19.49,17863,1),(597,'2012-08-02 13:56:20',597,49.99,19.49,17868,1),(598,'2012-08-02 16:32:03',598,49.99,19.49,17903,1),(599,'2012-08-02 17:20:57',599,49.99,19.49,17912,1),(600,'2012-08-02 17:54:09',600,49.99,19.49,17918,1),(601,'2012-08-02 18:28:21',601,49.99,19.49,17926,1),(602,'2012-08-02 22:52:26',602,49.99,19.49,17964,1),(603,'2012-08-03 00:26:06',603,49.99,19.49,17973,1),(604,'2012-08-03 10:05:00',604,49.99,19.49,18021,1),(605,'2012-08-03 10:15:53',605,49.99,19.49,18025,1),(606,'2012-08-03 10:32:05',606,49.99,19.49,18029,1),(607,'2012-08-03 11:44:39',607,49.99,19.49,18058,1),(608,'2012-08-03 12:02:06',608,49.99,19.49,18059,1),(609,'2012-08-03 12:36:47',609,49.99,19.49,18066,1),(610,'2012-08-03 13:15:11',610,49.99,19.49,18078,1),(611,'2012-08-03 14:41:20',611,49.99,19.49,18096,1),(612,'2012-08-03 18:22:47',612,49.99,19.49,18124,1),(613,'2012-08-03 23:10:27',613,49.99,19.49,18145,1),(614,'2012-08-04 02:05:48',614,49.99,19.49,18154,1),(615,'2012-08-04 06:56:21',615,49.99,19.49,18170,1),(616,'2012-08-04 23:18:06',616,49.99,19.49,18238,1),(617,'2012-08-05 13:21:34',617,49.99,19.49,18290,1),(618,'2012-08-05 15:53:02',618,49.99,19.49,18295,1),(619,'2012-08-05 19:04:14',619,49.99,19.49,18305,1),(620,'2012-08-06 05:00:42',620,49.99,19.49,18351,1),(621,'2012-08-06 08:03:53',621,49.99,19.49,18365,1),(622,'2012-08-06 09:51:16',622,49.99,19.49,18376,1),(623,'2012-08-06 12:18:50',623,49.99,19.49,18413,1),(624,'2012-08-06 12:22:26',624,49.99,19.49,18420,1),(625,'2012-08-06 14:05:41',625,49.99,19.49,18439,1),(626,'2012-08-06 16:25:07',626,49.99,19.49,18467,1),(627,'2012-08-06 17:18:57',627,49.99,19.49,18478,1),(628,'2012-08-07 12:47:53',628,49.99,19.49,18627,1),(629,'2012-08-07 14:01:50',629,49.99,19.49,18643,1),(630,'2012-08-07 14:37:19',630,49.99,19.49,18655,1),(631,'2012-08-07 15:51:04',631,49.99,19.49,18662,1),(632,'2012-08-07 17:29:47',632,49.99,19.49,18687,1),(633,'2012-08-07 22:07:11',633,49.99,19.49,18729,1),(634,'2012-08-08 10:51:17',634,49.99,19.49,18800,1),(635,'2012-08-08 13:56:51',635,49.99,19.49,18843,1),(636,'2012-08-08 15:13:33',636,49.99,19.49,18867,1),(637,'2012-08-08 15:29:41',637,49.99,19.49,18872,1),(638,'2012-08-08 16:15:40',638,49.99,19.49,18884,1),(639,'2012-08-08 16:46:40',639,49.99,19.49,18891,1),(640,'2012-08-08 17:50:37',640,49.99,19.49,18909,1),(641,'2012-08-08 20:02:27',641,49.99,19.49,18941,1),(642,'2012-08-08 22:04:01',642,49.99,19.49,18956,1),(643,'2012-08-08 22:17:02',643,49.99,19.49,18961,1),(644,'2012-08-09 00:06:07',644,49.99,19.49,18975,1),(645,'2012-08-09 00:30:50',645,49.99,19.49,18977,1),(646,'2012-08-09 01:08:23',646,49.99,19.49,18983,1),(647,'2012-08-09 10:24:11',647,49.99,19.49,19037,1),(648,'2012-08-09 10:26:58',648,49.99,19.49,19038,1),(649,'2012-08-09 10:38:08',649,49.99,19.49,19039,1),(650,'2012-08-09 11:35:51',650,49.99,19.49,19053,1),(651,'2012-08-09 12:39:06',651,49.99,19.49,19068,1),(652,'2012-08-09 13:40:02',652,49.99,19.49,19086,1),(653,'2012-08-09 14:12:07',653,49.99,19.49,19091,1),(654,'2012-08-09 14:31:22',654,49.99,19.49,19101,1),(655,'2012-08-09 17:55:25',655,49.99,19.49,19149,1),(656,'2012-08-09 21:08:08',656,49.99,19.49,19175,1),(657,'2012-08-10 13:23:33',657,49.99,19.49,19306,1),(658,'2012-08-10 14:24:05',658,49.99,19.49,19315,1),(659,'2012-08-10 15:53:46',659,49.99,19.49,19330,1),(660,'2012-08-10 18:53:23',660,49.99,19.49,19359,1),(661,'2012-08-10 21:15:48',661,49.99,19.49,19375,1),(662,'2012-08-11 07:37:15',662,49.99,19.49,19406,1),(663,'2012-08-11 14:26:47',663,49.99,19.49,19432,1),(664,'2012-08-11 15:15:47',664,49.99,19.49,19442,1),(665,'2012-08-12 01:05:31',665,49.99,19.49,19478,1),(666,'2012-08-12 21:26:03',666,49.99,19.49,19551,1),(667,'2012-08-12 22:16:34',667,49.99,19.49,19560,1),(668,'2012-08-12 22:26:16',668,49.99,19.49,19561,1),(669,'2012-08-13 00:07:26',669,49.99,19.49,19570,1),(670,'2012-08-13 00:56:14',670,49.99,19.49,19578,1),(671,'2012-08-13 08:38:36',671,49.99,19.49,19607,1),(672,'2012-08-13 13:46:08',672,49.99,19.49,19665,1),(673,'2012-08-13 15:55:35',673,49.99,19.49,19686,1),(674,'2012-08-13 16:41:04',674,49.99,19.49,19695,1),(675,'2012-08-13 18:16:05',675,49.99,19.49,19722,1),(676,'2012-08-13 18:19:51',676,49.99,19.49,19721,1),(677,'2012-08-13 19:47:48',677,49.99,19.49,19737,1),(678,'2012-08-13 22:20:53',678,49.99,19.49,19759,1),(679,'2012-08-14 06:06:08',679,49.99,19.49,19784,1),(680,'2012-08-14 08:47:34',680,49.99,19.49,19801,1),(681,'2012-08-14 12:00:39',681,49.99,19.49,19841,1),(682,'2012-08-14 12:51:04',682,49.99,19.49,19850,1),(683,'2012-08-14 13:35:56',683,49.99,19.49,19856,1),(684,'2012-08-14 14:08:03',684,49.99,19.49,19862,1),(685,'2012-08-14 17:05:49',685,49.99,19.49,19900,1),(686,'2012-08-14 19:20:00',686,49.99,19.49,19920,1),(687,'2012-08-14 21:42:38',687,49.99,19.49,19945,1),(688,'2012-08-15 07:28:33',688,49.99,19.49,19987,1),(689,'2012-08-15 11:24:40',689,49.99,19.49,20019,1),(690,'2012-08-15 18:53:08',690,49.99,19.49,20129,1),(691,'2012-08-15 20:17:39',691,49.99,19.49,20142,1),(692,'2012-08-16 02:32:42',692,49.99,19.49,20180,1),(693,'2012-08-16 14:33:56',693,49.99,19.49,20280,1),(694,'2012-08-16 15:21:11',694,49.99,19.49,20289,1),(695,'2012-08-16 21:25:35',695,49.99,19.49,20354,1),(696,'2012-08-16 22:09:31',696,49.99,19.49,20362,1),(697,'2012-08-16 22:21:07',697,49.99,19.49,20363,1),(698,'2012-08-16 22:39:48',698,49.99,19.49,20364,1),(699,'2012-08-17 15:27:46',699,49.99,19.49,20492,1),(700,'2012-08-17 21:37:25',700,49.99,19.49,20551,1),(701,'2012-08-18 09:17:52',701,49.99,19.49,20583,1),(702,'2012-08-18 11:06:51',702,49.99,19.49,20595,1),(703,'2012-08-18 22:53:48',703,49.99,19.49,20652,1),(704,'2012-08-19 15:28:21',704,49.99,19.49,20708,1),(705,'2012-08-19 17:47:09',705,49.99,19.49,20729,1),(706,'2012-08-19 19:50:19',706,49.99,19.49,20740,1),(707,'2012-08-20 00:04:43',707,49.99,19.49,20773,1),(708,'2012-08-20 08:01:50',708,49.99,19.49,20809,1),(709,'2012-08-20 10:06:24',709,49.99,19.49,20830,1),(710,'2012-08-20 10:50:33',710,49.99,19.49,20840,1),(711,'2012-08-20 11:00:34',711,49.99,19.49,20845,1),(712,'2012-08-20 11:34:59',712,49.99,19.49,20857,1),(713,'2012-08-20 11:57:56',713,49.99,19.49,20867,1),(714,'2012-08-20 12:45:03',714,49.99,19.49,20882,1),(715,'2012-08-20 14:50:25',715,49.99,19.49,20926,1),(716,'2012-08-20 15:01:23',716,49.99,19.49,20932,1),(717,'2012-08-20 15:16:35',717,49.99,19.49,20936,1),(718,'2012-08-20 18:11:58',718,49.99,19.49,20982,1),(719,'2012-08-20 18:50:17',719,49.99,19.49,20991,1),(720,'2012-08-21 08:31:19',720,49.99,19.49,21087,1),(721,'2012-08-21 12:52:13',721,49.99,19.49,21146,1),(722,'2012-08-21 12:56:07',722,49.99,19.49,21151,1),(723,'2012-08-21 13:12:31',723,49.99,19.49,21159,1),(724,'2012-08-21 13:13:28',724,49.99,19.49,21152,1),(725,'2012-08-21 14:35:50',725,49.99,19.49,21181,1),(726,'2012-08-21 18:48:13',726,49.99,19.49,21248,1),(727,'2012-08-21 19:46:47',727,49.99,19.49,21259,1),(728,'2012-08-21 21:16:37',728,49.99,19.49,21279,1),(729,'2012-08-22 05:43:35',729,49.99,19.49,21331,1),(730,'2012-08-22 10:54:27',730,49.99,19.49,21377,1),(731,'2012-08-22 12:39:35',731,49.99,19.49,21414,1),(732,'2012-08-22 13:43:49',732,49.99,19.49,21434,1),(733,'2012-08-22 16:29:25',733,49.99,19.49,21475,1),(734,'2012-08-22 17:53:01',734,49.99,19.49,21506,1),(735,'2012-08-22 18:21:57',735,49.99,19.49,21514,1),(736,'2012-08-22 23:35:34',736,49.99,19.49,21569,1),(737,'2012-08-23 04:43:22',737,49.99,19.49,21597,1),(738,'2012-08-23 12:19:53',738,49.99,19.49,21685,1),(739,'2012-08-23 13:16:18',739,49.99,19.49,21704,1),(740,'2012-08-23 14:11:29',740,49.99,19.49,21717,1),(741,'2012-08-23 16:15:19',741,49.99,19.49,21756,1),(742,'2012-08-23 16:16:38',742,49.99,19.49,21757,1),(743,'2012-08-23 16:35:55',743,49.99,19.49,21767,1),(744,'2012-08-23 18:03:16',744,49.99,19.49,21791,1),(745,'2012-08-23 19:24:15',745,49.99,19.49,21807,1),(746,'2012-08-23 19:47:50',746,49.99,19.49,21812,1),(747,'2012-08-24 10:59:45',747,49.99,19.49,21908,1),(748,'2012-08-24 11:11:14',748,49.99,19.49,21910,1),(749,'2012-08-24 11:49:23',749,49.99,19.49,21922,1),(750,'2012-08-24 12:27:07',750,49.99,19.49,21930,1),(751,'2012-08-24 13:08:47',751,49.99,19.49,21948,1),(752,'2012-08-24 13:12:09',752,49.99,19.49,21954,1),(753,'2012-08-24 16:54:24',753,49.99,19.49,22003,1),(754,'2012-08-24 16:57:30',754,49.99,19.49,22000,1),(755,'2012-08-24 18:36:07',755,49.99,19.49,22025,1),(756,'2012-08-24 19:02:15',756,49.99,19.49,22028,1),(757,'2012-08-25 13:17:26',757,49.99,19.49,22127,1),(758,'2012-08-25 21:58:56',758,49.99,19.49,22172,1),(759,'2012-08-26 13:45:57',759,49.99,19.49,22242,1),(760,'2012-08-26 14:52:41',760,49.99,19.49,22249,1),(761,'2012-08-26 14:59:16',761,49.99,19.49,22247,1),(762,'2012-08-26 19:09:43',762,49.99,19.49,22272,1),(763,'2012-08-26 19:14:57',763,49.99,19.49,22274,1),(764,'2012-08-27 00:57:50',764,49.99,19.49,22318,1),(765,'2012-08-27 01:04:07',765,49.99,19.49,22319,1),(766,'2012-08-27 10:41:02',766,49.99,19.49,22397,1),(767,'2012-08-27 11:40:25',767,49.99,19.49,22416,1),(768,'2012-08-27 12:05:19',768,49.99,19.49,22423,1),(769,'2012-08-27 15:03:55',769,49.99,19.49,22475,1),(770,'2012-08-27 17:33:06',770,49.99,19.49,22514,1),(771,'2012-08-28 00:12:14',771,49.99,19.49,22589,1),(772,'2012-08-28 06:19:43',772,49.99,19.49,22614,1),(773,'2012-08-28 09:32:22',773,49.99,19.49,22638,1),(774,'2012-08-28 13:27:46',774,49.99,19.49,22703,1),(775,'2012-08-28 14:49:40',775,49.99,19.49,22727,1),(776,'2012-08-28 16:12:31',776,49.99,19.49,22760,1),(777,'2012-08-28 18:01:45',777,49.99,19.49,22791,1),(778,'2012-08-28 18:42:21',778,49.99,19.49,22798,1),(779,'2012-08-28 18:45:25',779,49.99,19.49,22801,1),(780,'2012-08-28 21:36:40',780,49.99,19.49,22834,1),(781,'2012-08-28 21:52:47',781,49.99,19.49,22839,1),(782,'2012-08-29 02:38:05',782,49.99,19.49,22875,1),(783,'2012-08-29 07:49:36',783,49.99,19.49,22907,1),(784,'2012-08-29 09:30:50',784,49.99,19.49,22926,1),(785,'2012-08-29 10:08:39',785,49.99,19.49,22942,1),(786,'2012-08-29 13:08:59',786,49.99,19.49,23003,1),(787,'2012-08-29 15:13:28',787,49.99,19.49,23043,1),(788,'2012-08-29 16:37:41',788,49.99,19.49,23066,1),(789,'2012-08-29 17:21:09',789,49.99,19.49,23077,1),(790,'2012-08-29 18:57:10',790,49.99,19.49,23100,1),(791,'2012-08-29 21:26:32',791,49.99,19.49,23135,1),(792,'2012-08-30 03:56:59',792,49.99,19.49,23186,1),(793,'2012-08-30 10:36:14',793,49.99,19.49,23239,1),(794,'2012-08-30 11:12:49',794,49.99,19.49,23256,1),(795,'2012-08-30 14:26:05',795,49.99,19.49,23309,1),(796,'2012-08-30 14:56:12',796,49.99,19.49,23323,1),(797,'2012-08-30 16:44:35',797,49.99,19.49,23353,1),(798,'2012-08-30 16:55:49',798,49.99,19.49,23357,1),(799,'2012-08-30 16:59:18',799,49.99,19.49,23358,1),(800,'2012-08-30 17:48:10',800,49.99,19.49,23368,1),(801,'2012-08-30 21:00:35',801,49.99,19.49,23399,1),(802,'2012-08-31 06:26:18',802,49.99,19.49,23460,1),(803,'2012-08-31 11:57:46',803,49.99,19.49,23526,1),(804,'2012-08-31 21:14:56',804,49.99,19.49,23648,1),(805,'2012-09-01 13:07:47',805,49.99,19.49,23710,1),(806,'2012-09-01 13:15:01',806,49.99,19.49,23712,1),(807,'2012-09-01 16:18:27',807,49.99,19.49,23733,1),(808,'2012-09-01 16:59:10',808,49.99,19.49,23739,1),(809,'2012-09-01 20:13:39',809,49.99,19.49,23754,1),(810,'2012-09-01 21:59:10',810,49.99,19.49,23763,1),(811,'2012-09-02 23:36:09',811,49.99,19.49,23876,1),(812,'2012-09-03 14:05:11',812,49.99,19.49,23972,1),(813,'2012-09-03 14:10:41',813,49.99,19.49,23971,1),(814,'2012-09-03 14:55:56',814,49.99,19.49,23981,1),(815,'2012-09-03 15:51:27',815,49.99,19.49,23997,1),(816,'2012-09-03 16:28:29',816,49.99,19.49,24004,1),(817,'2012-09-03 17:17:26',817,49.99,19.49,24011,1),(818,'2012-09-03 18:09:54',818,49.99,19.49,24019,1),(819,'2012-09-04 08:08:59',819,49.99,19.49,24102,1),(820,'2012-09-04 10:10:10',820,49.99,19.49,24120,1),(821,'2012-09-04 10:15:24',821,49.99,19.49,24121,1),(822,'2012-09-04 12:06:19',822,49.99,19.49,24151,1),(823,'2012-09-04 14:09:10',823,49.99,19.49,24177,1),(824,'2012-09-04 14:20:43',824,49.99,19.49,24180,1),(825,'2012-09-04 14:46:33',825,49.99,19.49,24189,1),(826,'2012-09-04 18:10:59',826,49.99,19.49,24237,1),(827,'2012-09-04 21:51:10',827,49.99,19.49,24276,1),(828,'2012-09-04 22:52:04',828,49.99,19.49,24284,1),(829,'2012-09-04 23:33:29',829,49.99,19.49,24291,1),(830,'2012-09-04 23:56:41',830,49.99,19.49,24294,1),(831,'2012-09-05 06:58:23',831,49.99,19.49,24320,1),(832,'2012-09-05 07:15:18',832,49.99,19.49,24323,1),(833,'2012-09-05 13:12:47',833,49.99,19.49,24421,1),(834,'2012-09-05 13:28:43',834,49.99,19.49,24430,1),(835,'2012-09-05 15:21:23',835,49.99,19.49,24464,1),(836,'2012-09-05 15:24:03',836,49.99,19.49,24465,1),(837,'2012-09-05 15:28:31',837,49.99,19.49,24466,1),(838,'2012-09-05 18:00:25',838,49.99,19.49,24516,1),(839,'2012-09-05 19:05:53',839,49.99,19.49,24532,1),(840,'2012-09-05 19:23:29',840,49.99,19.49,24535,1),(841,'2012-09-06 02:19:20',841,49.99,19.49,24593,1),(842,'2012-09-06 03:22:44',842,49.99,19.49,24603,1),(843,'2012-09-06 03:55:12',843,49.99,19.49,24605,1),(844,'2012-09-06 13:31:11',844,49.99,19.49,24690,1),(845,'2012-09-06 14:35:48',845,49.99,19.49,24711,1),(846,'2012-09-06 15:26:37',846,49.99,19.49,24730,1),(847,'2012-09-06 17:21:50',847,49.99,19.49,24760,1),(848,'2012-09-06 17:48:43',848,49.99,19.49,24766,1),(849,'2012-09-06 19:57:16',849,49.99,19.49,24794,1),(850,'2012-09-06 21:11:36',850,49.99,19.49,24809,1),(851,'2012-09-06 21:14:43',851,49.99,19.49,24810,1),(852,'2012-09-06 21:24:26',852,49.99,19.49,24814,1),(853,'2012-09-07 05:03:00',853,49.99,19.49,24854,1),(854,'2012-09-07 09:31:35',854,49.99,19.49,24890,1),(855,'2012-09-07 12:09:34',855,49.99,19.49,24940,1),(856,'2012-09-07 12:12:54',856,49.99,19.49,24939,1),(857,'2012-09-07 14:23:35',857,49.99,19.49,24976,1),(858,'2012-09-07 17:48:42',858,49.99,19.49,25037,1),(859,'2012-09-07 21:45:10',859,49.99,19.49,25060,1),(860,'2012-09-07 21:51:57',860,49.99,19.49,25062,1),(861,'2012-09-07 22:59:36',861,49.99,19.49,25068,1),(862,'2012-09-08 15:49:39',862,49.99,19.49,25137,1),(863,'2012-09-08 17:58:04',863,49.99,19.49,25151,1),(864,'2012-09-08 18:19:22',864,49.99,19.49,25155,1),(865,'2012-09-08 19:49:52',865,49.99,19.49,25159,1),(866,'2012-09-08 20:43:56',866,49.99,19.49,25164,1),(867,'2012-09-09 10:24:33',867,49.99,19.49,25230,1),(868,'2012-09-09 13:03:20',868,49.99,19.49,25241,1),(869,'2012-09-09 18:31:22',869,49.99,19.49,25278,1),(870,'2012-09-09 21:53:14',870,49.99,19.49,25306,1),(871,'2012-09-10 00:17:39',871,49.99,19.49,25325,1),(872,'2012-09-10 05:44:53',872,49.99,19.49,25343,1),(873,'2012-09-10 08:01:41',873,49.99,19.49,25353,1),(874,'2012-09-10 08:41:10',874,49.99,19.49,25358,1),(875,'2012-09-10 09:29:30',875,49.99,19.49,25368,1),(876,'2012-09-10 11:24:00',876,49.99,19.49,25393,1),(877,'2012-09-10 12:26:55',877,49.99,19.49,25411,1),(878,'2012-09-10 15:10:04',878,49.99,19.49,25454,1),(879,'2012-09-10 18:29:05',879,49.99,19.49,25508,1),(880,'2012-09-10 19:16:09',880,49.99,19.49,25516,1),(881,'2012-09-10 22:06:57',881,49.99,19.49,25539,1),(882,'2012-09-11 00:35:41',882,49.99,19.49,25565,1),(883,'2012-09-11 06:45:19',883,49.99,19.49,25601,1),(884,'2012-09-11 10:17:59',884,49.99,19.49,25639,1),(885,'2012-09-11 10:56:22',885,49.99,19.49,25646,1),(886,'2012-09-11 12:17:59',886,49.99,19.49,25664,1),(887,'2012-09-11 13:45:24',887,49.99,19.49,25691,1),(888,'2012-09-11 15:35:17',888,49.99,19.49,25719,1),(889,'2012-09-11 19:18:46',889,49.99,19.49,25773,1),(890,'2012-09-11 22:42:01',890,49.99,19.49,25802,1),(891,'2012-09-12 00:52:15',891,49.99,19.49,25814,1),(892,'2012-09-12 01:35:19',892,49.99,19.49,25816,1),(893,'2012-09-12 03:07:49',893,49.99,19.49,25826,1),(894,'2012-09-12 07:49:58',894,49.99,19.49,25848,1),(895,'2012-09-12 09:03:25',895,49.99,19.49,25860,1),(896,'2012-09-12 10:07:11',896,49.99,19.49,25874,1),(897,'2012-09-12 10:47:29',897,49.99,19.49,25880,1),(898,'2012-09-12 12:25:50',898,49.99,19.49,25907,1),(899,'2012-09-12 13:06:27',899,49.99,19.49,25918,1),(900,'2012-09-12 16:56:14',900,49.99,19.49,25979,1),(901,'2012-09-12 19:38:47',901,49.99,19.49,26021,1),(902,'2012-09-12 20:07:51',902,49.99,19.49,26024,1),(903,'2012-09-12 22:59:22',903,49.99,19.49,26048,1),(904,'2012-09-13 05:47:46',904,49.99,19.49,26092,1),(905,'2012-09-13 06:26:24',905,49.99,19.49,26093,1),(906,'2012-09-13 07:35:22',906,49.99,19.49,26105,1),(907,'2012-09-13 08:43:08',907,49.99,19.49,26114,1),(908,'2012-09-13 08:54:42',908,49.99,19.49,26120,1),(909,'2012-09-13 09:20:53',909,49.99,19.49,26127,1),(910,'2012-09-13 10:07:59',910,49.99,19.49,26136,1),(911,'2012-09-13 12:05:56',911,49.99,19.49,26175,1),(912,'2012-09-13 13:03:44',912,49.99,19.49,26196,1),(913,'2012-09-13 14:43:05',913,49.99,19.49,26222,1),(914,'2012-09-13 15:20:29',914,49.99,19.49,26230,1),(915,'2012-09-13 15:36:35',915,49.99,19.49,26234,1),(916,'2012-09-13 15:56:30',916,49.99,19.49,26242,1),(917,'2012-09-13 15:59:27',917,49.99,19.49,26243,1),(918,'2012-09-13 17:43:17',918,49.99,19.49,26272,1),(919,'2012-09-13 18:13:27',919,49.99,19.49,26277,1),(920,'2012-09-13 18:50:41',920,49.99,19.49,26285,1),(921,'2012-09-13 18:56:22',921,49.99,19.49,26289,1),(922,'2012-09-13 21:59:17',922,49.99,19.49,26318,1),(923,'2012-09-14 10:27:39',923,49.99,19.49,26400,1),(924,'2012-09-14 11:58:49',924,49.99,19.49,26423,1),(925,'2012-09-14 13:25:18',925,49.99,19.49,26442,1),(926,'2012-09-14 13:55:04',926,49.99,19.49,26448,1),(927,'2012-09-14 15:20:41',927,49.99,19.49,26470,1),(928,'2012-09-14 16:03:40',928,49.99,19.49,26482,1),(929,'2012-09-14 19:21:46',929,49.99,19.49,26529,1),(930,'2012-09-14 20:43:30',930,49.99,19.49,26540,1),(931,'2012-09-14 22:11:08',931,49.99,19.49,26550,1),(932,'2012-09-15 03:58:42',932,49.99,19.49,26575,1),(933,'2012-09-15 08:14:28',933,49.99,19.49,26588,1),(934,'2012-09-15 13:27:05',934,49.99,19.49,26618,1),(935,'2012-09-15 20:21:40',935,49.99,19.49,26666,1),(936,'2012-09-15 20:58:49',936,49.99,19.49,26669,1),(937,'2012-09-15 21:43:09',937,49.99,19.49,26671,1),(938,'2012-09-15 23:48:12',938,49.99,19.49,26676,1),(939,'2012-09-16 11:29:56',939,49.99,19.49,26714,1),(940,'2012-09-16 12:57:22',940,49.99,19.49,26722,1),(941,'2012-09-16 19:44:05',941,49.99,19.49,26764,1),(942,'2012-09-16 20:50:15',942,49.99,19.49,26777,1),(943,'2012-09-17 02:04:14',943,49.99,19.49,26821,1),(944,'2012-09-17 10:05:12',944,49.99,19.49,26886,1),(945,'2012-09-17 10:20:38',945,49.99,19.49,26891,1),(946,'2012-09-17 12:51:26',946,49.99,19.49,26931,1),(947,'2012-09-17 13:13:56',947,49.99,19.49,26941,1),(948,'2012-09-17 15:07:57',948,49.99,19.49,26984,1),(949,'2012-09-17 15:26:08',949,49.99,19.49,26989,1),(950,'2012-09-17 17:49:53',950,49.99,19.49,27040,1),(951,'2012-09-18 00:07:55',951,49.99,19.49,27117,1),(952,'2012-09-18 06:14:38',952,49.99,19.49,27155,1),(953,'2012-09-18 09:07:36',953,49.99,19.49,27166,1),(954,'2012-09-18 11:02:52',954,49.99,19.49,27189,1),(955,'2012-09-18 12:48:20',955,49.99,19.49,27226,1),(956,'2012-09-18 14:13:27',956,49.99,19.49,27253,1),(957,'2012-09-18 15:20:51',957,49.99,19.49,27286,1),(958,'2012-09-18 19:24:01',958,49.99,19.49,27361,1),(959,'2012-09-18 20:21:06',959,49.99,19.49,27374,1),(960,'2012-09-18 21:17:57',960,49.99,19.49,27384,1),(961,'2012-09-18 21:32:39',961,49.99,19.49,27391,1),(962,'2012-09-19 00:13:54',962,49.99,19.49,27420,1),(963,'2012-09-19 00:20:44',963,49.99,19.49,27421,1),(964,'2012-09-19 00:44:08',964,49.99,19.49,27423,1),(965,'2012-09-19 08:37:14',965,49.99,19.49,27472,1),(966,'2012-09-19 08:58:26',966,49.99,19.49,27477,1),(967,'2012-09-19 09:23:42',967,49.99,19.49,27485,1),(968,'2012-09-19 10:09:10',968,49.99,19.49,27493,1),(969,'2012-09-19 10:14:53',969,49.99,19.49,27496,1),(970,'2012-09-19 10:24:38',970,49.99,19.49,27503,1),(971,'2012-09-19 11:08:41',971,49.99,19.49,27516,1),(972,'2012-09-19 11:18:26',972,49.99,19.49,27521,1),(973,'2012-09-19 11:28:11',973,49.99,19.49,27527,1),(974,'2012-09-19 12:13:43',974,49.99,19.49,27546,1),(975,'2012-09-19 13:40:38',975,49.99,19.49,27575,1),(976,'2012-09-19 15:09:01',976,49.99,19.49,27604,1),(977,'2012-09-19 16:56:52',977,49.99,19.49,27644,1),(978,'2012-09-19 17:30:27',978,49.99,19.49,27654,1),(979,'2012-09-19 17:41:18',979,49.99,19.49,27655,1),(980,'2012-09-19 22:38:31',980,49.99,19.49,27717,1),(981,'2012-09-20 05:11:21',981,49.99,19.49,27755,1),(982,'2012-09-20 06:19:41',982,49.99,19.49,27763,1),(983,'2012-09-20 07:10:49',983,49.99,19.49,27767,1),(984,'2012-09-20 10:04:13',984,49.99,19.49,27807,1),(985,'2012-09-20 10:14:28',985,49.99,19.49,27809,1),(986,'2012-09-20 10:15:37',986,49.99,19.49,27810,1),(987,'2012-09-20 10:52:30',987,49.99,19.49,27821,1),(988,'2012-09-20 14:50:53',988,49.99,19.49,27906,1),(989,'2012-09-20 15:39:37',989,49.99,19.49,27923,1),(990,'2012-09-20 15:50:02',990,49.99,19.49,27930,1),(991,'2012-09-20 16:11:19',991,49.99,19.49,27938,1),(992,'2012-09-20 16:17:42',992,49.99,19.49,27940,1),(993,'2012-09-20 19:13:26',993,49.99,19.49,28003,1),(994,'2012-09-20 22:00:33',994,49.99,19.49,28024,1),(995,'2012-09-21 02:03:24',995,49.99,19.49,28053,1),(996,'2012-09-21 05:04:54',996,49.99,19.49,28063,1),(997,'2012-09-21 06:23:08',997,49.99,19.49,28069,1),(998,'2012-09-21 10:32:27',998,49.99,19.49,28121,1),(999,'2012-09-21 11:50:01',999,49.99,19.49,28146,1),(1000,'2012-09-21 12:21:17',1000,49.99,19.49,28158,1),(1001,'2012-09-21 12:22:41',1001,49.99,19.49,28157,1),(1002,'2012-09-21 14:16:24',1002,49.99,19.49,28190,1),(1003,'2012-09-21 15:33:30',1003,49.99,19.49,28218,1),(1004,'2012-09-21 16:10:55',1004,49.99,19.49,28234,1),(1005,'2012-09-21 19:20:16',1005,49.99,19.49,28276,1),(1006,'2012-09-22 01:14:21',1006,49.99,19.49,28319,1),(1007,'2012-09-22 09:14:16',1007,49.99,19.49,28352,1),(1008,'2012-09-22 09:29:37',1008,49.99,19.49,28354,1),(1009,'2012-09-22 09:51:20',1009,49.99,19.49,28357,1),(1010,'2012-09-22 12:58:09',1010,49.99,19.49,28383,1),(1011,'2012-09-22 16:16:07',1011,49.99,19.49,28413,1),(1012,'2012-09-22 18:17:05',1012,49.99,19.49,28425,1),(1013,'2012-09-22 19:48:03',1013,49.99,19.49,28431,1),(1014,'2012-09-22 20:38:49',1014,49.99,19.49,28435,1),(1015,'2012-09-23 08:04:16',1015,49.99,19.49,28487,1),(1016,'2012-09-23 09:37:29',1016,49.99,19.49,28495,1),(1017,'2012-09-23 12:51:42',1017,49.99,19.49,28522,1),(1018,'2012-09-23 13:23:48',1018,49.99,19.49,28523,1),(1019,'2012-09-23 17:58:12',1019,49.99,19.49,28558,1),(1020,'2012-09-23 19:51:30',1020,49.99,19.49,28572,1),(1021,'2012-09-23 23:54:10',1021,49.99,19.49,28605,1),(1022,'2012-09-24 03:16:13',1022,49.99,19.49,28634,1),(1023,'2012-09-24 07:55:10',1023,49.99,19.49,28659,1),(1024,'2012-09-24 08:22:45',1024,49.99,19.49,28663,1),(1025,'2012-09-24 08:50:44',1025,49.99,19.49,28672,1),(1026,'2012-09-24 09:44:28',1026,49.99,19.49,28680,1),(1027,'2012-09-24 12:44:19',1027,49.99,19.49,28733,1),(1028,'2012-09-24 12:52:37',1028,49.99,19.49,28740,1),(1029,'2012-09-24 14:20:05',1029,49.99,19.49,28758,1),(1030,'2012-09-24 15:32:18',1030,49.99,19.49,28770,1),(1031,'2012-09-24 18:19:22',1031,49.99,19.49,28812,1),(1032,'2012-09-24 19:50:11',1032,49.99,19.49,28827,1),(1033,'2012-09-24 21:09:59',1033,49.99,19.49,28838,1),(1034,'2012-09-24 21:46:36',1034,49.99,19.49,28843,1),(1035,'2012-09-24 23:42:16',1035,49.99,19.49,28865,1),(1036,'2012-09-25 06:43:52',1036,49.99,19.49,28898,1),(1037,'2012-09-25 08:29:27',1037,49.99,19.49,28908,1),(1038,'2012-09-25 12:35:53',1038,49.99,19.49,28976,1),(1039,'2012-09-25 14:15:37',1039,49.99,19.49,29019,1),(1040,'2012-09-25 14:48:42',1040,49.99,19.49,29026,1),(1041,'2012-09-25 15:49:12',1041,49.99,19.49,29038,1),(1042,'2012-09-25 16:02:29',1042,49.99,19.49,29044,1),(1043,'2012-09-25 16:18:25',1043,49.99,19.49,29051,1),(1044,'2012-09-25 16:20:47',1044,49.99,19.49,29052,1),(1045,'2012-09-25 19:06:49',1045,49.99,19.49,29093,1),(1046,'2012-09-25 20:07:18',1046,49.99,19.49,29105,1),(1047,'2012-09-25 21:16:04',1047,49.99,19.49,29119,1),(1048,'2012-09-26 04:05:46',1048,49.99,19.49,29163,1),(1049,'2012-09-26 09:08:58',1049,49.99,19.49,29199,1),(1050,'2012-09-26 10:57:25',1050,49.99,19.49,29226,1),(1051,'2012-09-26 12:51:22',1051,49.99,19.49,29255,1),(1052,'2012-09-26 13:08:18',1052,49.99,19.49,29262,1),(1053,'2012-09-26 13:16:27',1053,49.99,19.49,29265,1),(1054,'2012-09-26 15:55:58',1054,49.99,19.49,29312,1),(1055,'2012-09-26 17:43:27',1055,49.99,19.49,29348,1),(1056,'2012-09-26 19:18:51',1056,49.99,19.49,29370,1),(1057,'2012-09-26 20:33:16',1057,49.99,19.49,29384,1),(1058,'2012-09-26 20:46:27',1058,49.99,19.49,29386,1),(1059,'2012-09-27 01:13:17',1059,49.99,19.49,29428,1),(1060,'2012-09-27 02:48:51',1060,49.99,19.49,29440,1),(1061,'2012-09-27 04:19:00',1061,49.99,19.49,29445,1),(1062,'2012-09-27 08:31:15',1062,49.99,19.49,29465,1),(1063,'2012-09-27 09:23:40',1063,49.99,19.49,29474,1),(1064,'2012-09-27 10:28:01',1064,49.99,19.49,29490,1),(1065,'2012-09-27 14:04:48',1065,49.99,19.49,29555,1),(1066,'2012-09-27 16:06:40',1066,49.99,19.49,29589,1),(1067,'2012-09-27 22:03:22',1067,49.99,19.49,29670,1),(1068,'2012-09-27 22:30:12',1068,49.99,19.49,29674,1),(1069,'2012-09-28 00:22:42',1069,49.99,19.49,29703,1),(1070,'2012-09-28 04:55:29',1070,49.99,19.49,29725,1),(1071,'2012-09-28 07:43:30',1071,49.99,19.49,29741,1),(1072,'2012-09-28 11:34:09',1072,49.99,19.49,29791,1),(1073,'2012-09-28 13:20:27',1073,49.99,19.49,29824,1),(1074,'2012-09-28 14:08:17',1074,49.99,19.49,29836,1),(1075,'2012-09-28 14:10:42',1075,49.99,19.49,29835,1),(1076,'2012-09-28 14:29:36',1076,49.99,19.49,29846,1),(1077,'2012-09-28 17:53:15',1077,49.99,19.49,29894,1),(1078,'2012-09-28 20:15:44',1078,49.99,19.49,29918,1),(1079,'2012-09-29 12:45:36',1079,49.99,19.49,30011,1),(1080,'2012-09-29 16:46:21',1080,49.99,19.49,30037,1),(1081,'2012-09-29 17:15:50',1081,49.99,19.49,30040,1),(1082,'2012-09-29 17:31:59',1082,49.99,19.49,30043,1),(1083,'2012-09-29 22:50:39',1083,49.99,19.49,30072,1),(1084,'2012-09-29 23:57:41',1084,49.99,19.49,30078,1),(1085,'2012-09-30 04:04:38',1085,49.99,19.49,30094,1),(1086,'2012-09-30 10:03:05',1086,49.99,19.49,30109,1),(1087,'2012-09-30 13:35:51',1087,49.99,19.49,30127,1),(1088,'2012-09-30 14:30:30',1088,49.99,19.49,30133,1),(1089,'2012-09-30 20:21:57',1089,49.99,19.49,30175,1),(1090,'2012-09-30 21:17:24',1090,49.99,19.49,30181,1),(1091,'2012-09-30 22:22:49',1091,49.99,19.49,30192,1),(1092,'2012-10-01 03:12:00',1092,49.99,19.49,30228,1),(1093,'2012-10-01 07:46:25',1093,49.99,19.49,30247,1),(1094,'2012-10-01 14:02:57',1094,49.99,19.49,30340,1),(1095,'2012-10-01 15:21:23',1095,49.99,19.49,30362,1),(1096,'2012-10-01 15:32:26',1096,49.99,19.49,30363,1),(1097,'2012-10-01 16:01:31',1097,49.99,19.49,30369,1),(1098,'2012-10-01 16:26:38',1098,49.99,19.49,30377,1),(1099,'2012-10-01 16:58:47',1099,49.99,19.49,30390,1),(1100,'2012-10-01 19:01:33',1100,49.99,19.49,30419,1),(1101,'2012-10-01 23:58:15',1101,49.99,19.49,30466,1),(1102,'2012-10-02 00:23:31',1102,49.99,19.49,30468,1),(1103,'2012-10-02 10:51:25',1103,49.99,19.49,30532,1),(1104,'2012-10-02 10:54:07',1104,49.99,19.49,30533,1),(1105,'2012-10-02 10:56:39',1105,49.99,19.49,30535,1),(1106,'2012-10-02 11:15:34',1106,49.99,19.49,30536,1),(1107,'2012-10-02 12:06:14',1107,49.99,19.49,30550,1),(1108,'2012-10-02 13:06:45',1108,49.99,19.49,30565,1),(1109,'2012-10-02 15:03:07',1109,49.99,19.49,30594,1),(1110,'2012-10-02 15:14:07',1110,49.99,19.49,30598,1),(1111,'2012-10-02 15:28:45',1111,49.99,19.49,30604,1),(1112,'2012-10-02 15:33:50',1112,49.99,19.49,30608,1),(1113,'2012-10-02 16:47:48',1113,49.99,19.49,30625,1),(1114,'2012-10-02 17:09:38',1114,49.99,19.49,30633,1),(1115,'2012-10-02 19:28:20',1115,49.99,19.49,30659,1),(1116,'2012-10-02 20:38:57',1116,49.99,19.49,30673,1),(1117,'2012-10-02 22:41:35',1117,49.99,19.49,30690,1),(1118,'2012-10-03 04:21:45',1118,49.99,19.49,30721,1),(1119,'2012-10-03 07:33:21',1119,49.99,19.49,30737,1),(1120,'2012-10-03 12:19:10',1120,49.99,19.49,30793,1),(1121,'2012-10-03 12:38:33',1121,49.99,19.49,30799,1),(1122,'2012-10-03 13:32:14',1122,49.99,19.49,30814,1),(1123,'2012-10-03 14:15:52',1123,49.99,19.49,30833,1),(1124,'2012-10-03 15:26:11',1124,49.99,19.49,30863,1),(1125,'2012-10-03 15:28:16',1125,49.99,19.49,30861,1),(1126,'2012-10-03 15:53:49',1126,49.99,19.49,30868,1),(1127,'2012-10-03 16:37:26',1127,49.99,19.49,30886,1),(1128,'2012-10-03 18:04:32',1128,49.99,19.49,30920,1),(1129,'2012-10-03 23:25:32',1129,49.99,19.49,30978,1),(1130,'2012-10-04 11:34:53',1130,49.99,19.49,31098,1),(1131,'2012-10-04 13:30:33',1131,49.99,19.49,31135,1),(1132,'2012-10-04 16:28:29',1132,49.99,19.49,31175,1),(1133,'2012-10-04 17:20:15',1133,49.99,19.49,31187,1),(1134,'2012-10-04 20:06:03',1134,49.99,19.49,31232,1),(1135,'2012-10-05 06:17:25',1135,49.99,19.49,31301,1),(1136,'2012-10-05 06:41:31',1136,49.99,19.49,31305,1),(1137,'2012-10-05 11:59:32',1137,49.99,19.49,31363,1),(1138,'2012-10-05 12:17:05',1138,49.99,19.49,31364,1),(1139,'2012-10-05 14:23:08',1139,49.99,19.49,31402,1),(1140,'2012-10-05 14:59:19',1140,49.99,19.49,31418,1),(1141,'2012-10-05 15:36:38',1141,49.99,19.49,31430,1),(1142,'2012-10-05 16:14:16',1142,49.99,19.49,31437,1),(1143,'2012-10-05 16:57:32',1143,49.99,19.49,31448,1),(1144,'2012-10-05 17:32:56',1144,49.99,19.49,31456,1),(1145,'2012-10-06 03:35:11',1145,49.99,19.49,31528,1),(1146,'2012-10-06 13:28:55',1146,49.99,19.49,31583,1),(1147,'2012-10-06 14:57:03',1147,49.99,19.49,31593,1),(1148,'2012-10-06 18:22:10',1148,49.99,19.49,31609,1),(1149,'2012-10-06 18:40:53',1149,49.99,19.49,31611,1),(1150,'2012-10-06 20:39:29',1150,49.99,19.49,31616,1),(1151,'2012-10-06 22:37:05',1151,49.99,19.49,31627,1),(1152,'2012-10-07 06:03:48',1152,49.99,19.49,31652,1),(1153,'2012-10-07 08:37:52',1153,49.99,19.49,31659,1),(1154,'2012-10-07 12:32:43',1154,49.99,19.49,31671,1),(1155,'2012-10-08 03:39:21',1155,49.99,19.49,31757,1),(1156,'2012-10-08 06:01:49',1156,49.99,19.49,31773,1),(1157,'2012-10-08 06:34:48',1157,49.99,19.49,31777,1),(1158,'2012-10-08 10:03:34',1158,49.99,19.49,31807,1),(1159,'2012-10-08 10:15:59',1159,49.99,19.49,31810,1),(1160,'2012-10-08 14:23:00',1160,49.99,19.49,31883,1),(1161,'2012-10-08 14:42:23',1161,49.99,19.49,31889,1),(1162,'2012-10-08 14:45:07',1162,49.99,19.49,31890,1),(1163,'2012-10-08 14:55:14',1163,49.99,19.49,31891,1),(1164,'2012-10-08 15:34:20',1164,49.99,19.49,31909,1),(1165,'2012-10-08 16:04:34',1165,49.99,19.49,31919,1),(1166,'2012-10-08 16:11:59',1166,49.99,19.49,31922,1),(1167,'2012-10-08 20:33:07',1167,49.99,19.49,31992,1),(1168,'2012-10-09 03:06:07',1168,49.99,19.49,32034,1),(1169,'2012-10-09 12:53:31',1169,49.99,19.49,32135,1),(1170,'2012-10-09 13:33:30',1170,49.99,19.49,32146,1),(1171,'2012-10-09 13:51:02',1171,49.99,19.49,32150,1),(1172,'2012-10-09 14:06:39',1172,49.99,19.49,32163,1),(1173,'2012-10-09 14:52:07',1173,49.99,19.49,32180,1),(1174,'2012-10-09 16:17:03',1174,49.99,19.49,32208,1),(1175,'2012-10-09 20:30:23',1175,49.99,19.49,32278,1),(1176,'2012-10-10 01:31:12',1176,49.99,19.49,32316,1),(1177,'2012-10-10 04:17:35',1177,49.99,19.49,32332,1),(1178,'2012-10-10 10:01:01',1178,49.99,19.49,32381,1),(1179,'2012-10-10 11:02:51',1179,49.99,19.49,32400,1),(1180,'2012-10-10 11:10:50',1180,49.99,19.49,32404,1),(1181,'2012-10-10 12:00:00',1181,49.99,19.49,32422,1),(1182,'2012-10-10 12:29:24',1182,49.99,19.49,32440,1),(1183,'2012-10-10 14:47:11',1183,49.99,19.49,32473,1),(1184,'2012-10-10 15:53:02',1184,49.99,19.49,32500,1),(1185,'2012-10-10 17:47:54',1185,49.99,19.49,32539,1),(1186,'2012-10-10 21:53:09',1186,49.99,19.49,32586,1),(1187,'2012-10-11 00:15:14',1187,49.99,19.49,32607,1),(1188,'2012-10-11 00:49:42',1188,49.99,19.49,32610,1),(1189,'2012-10-11 01:08:11',1189,49.99,19.49,32612,1),(1190,'2012-10-11 05:33:36',1190,49.99,19.49,32631,1),(1191,'2012-10-11 06:45:02',1191,49.99,19.49,32641,1),(1192,'2012-10-11 07:51:58',1192,49.99,19.49,32650,1),(1193,'2012-10-11 11:57:53',1193,49.99,19.49,32717,1),(1194,'2012-10-11 12:38:41',1194,49.99,19.49,32738,1),(1195,'2012-10-11 13:05:17',1195,49.99,19.49,32742,1),(1196,'2012-10-11 13:33:01',1196,49.99,19.49,32754,1),(1197,'2012-10-11 13:59:04',1197,49.99,19.49,32758,1),(1198,'2012-10-11 14:25:52',1198,49.99,19.49,32763,1),(1199,'2012-10-11 15:14:09',1199,49.99,19.49,32771,1),(1200,'2012-10-11 18:57:49',1200,49.99,19.49,32836,1),(1201,'2012-10-11 20:22:00',1201,49.99,19.49,32851,1),(1202,'2012-10-11 22:03:28',1202,49.99,19.49,32868,1),(1203,'2012-10-11 23:50:44',1203,49.99,19.49,32885,1),(1204,'2012-10-12 01:18:41',1204,49.99,19.49,32892,1),(1205,'2012-10-12 02:31:04',1205,49.99,19.49,32899,1),(1206,'2012-10-12 07:22:45',1206,49.99,19.49,32915,1),(1207,'2012-10-12 08:15:09',1207,49.99,19.49,32924,1),(1208,'2012-10-12 11:12:19',1208,49.99,19.49,32971,1),(1209,'2012-10-12 11:22:39',1209,49.99,19.49,32974,1),(1210,'2012-10-12 12:29:27',1210,49.99,19.49,33000,1),(1211,'2012-10-12 13:32:30',1211,49.99,19.49,33020,1),(1212,'2012-10-12 15:55:33',1212,49.99,19.49,33067,1),(1213,'2012-10-12 16:32:10',1213,49.99,19.49,33078,1),(1214,'2012-10-12 17:40:16',1214,49.99,19.49,33096,1),(1215,'2012-10-12 17:56:40',1215,49.99,19.49,33102,1),(1216,'2012-10-12 18:43:02',1216,49.99,19.49,33108,1),(1217,'2012-10-12 18:44:37',1217,49.99,19.49,33106,1),(1218,'2012-10-12 19:21:47',1218,49.99,19.49,33118,1),(1219,'2012-10-12 22:02:35',1219,49.99,19.49,33133,1),(1220,'2012-10-13 09:26:34',1220,49.99,19.49,33175,1),(1221,'2012-10-13 11:41:54',1221,49.99,19.49,33187,1),(1222,'2012-10-13 12:17:14',1222,49.99,19.49,33189,1),(1223,'2012-10-13 12:52:43',1223,49.99,19.49,33190,1),(1224,'2012-10-13 17:57:23',1224,49.99,19.49,33224,1),(1225,'2012-10-14 12:46:29',1225,49.99,19.49,33324,1),(1226,'2012-10-14 13:24:18',1226,49.99,19.49,33330,1),(1227,'2012-10-14 16:26:48',1227,49.99,19.49,33358,1),(1228,'2012-10-14 20:59:12',1228,49.99,19.49,33394,1),(1229,'2012-10-14 21:57:57',1229,49.99,19.49,33405,1),(1230,'2012-10-14 23:15:09',1230,49.99,19.49,33414,1),(1231,'2012-10-15 02:50:15',1231,49.99,19.49,33443,1),(1232,'2012-10-15 05:36:52',1232,49.99,19.49,33460,1),(1233,'2012-10-15 09:19:14',1233,49.99,19.49,33495,1),(1234,'2012-10-15 09:20:53',1234,49.99,19.49,33494,1),(1235,'2012-10-15 12:01:12',1235,49.99,19.49,33545,1),(1236,'2012-10-15 12:13:43',1236,49.99,19.49,33548,1),(1237,'2012-10-15 12:40:44',1237,49.99,19.49,33560,1),(1238,'2012-10-15 14:29:38',1238,49.99,19.49,33591,1),(1239,'2012-10-15 14:51:37',1239,49.99,19.49,33599,1),(1240,'2012-10-15 14:59:35',1240,49.99,19.49,33603,1),(1241,'2012-10-15 15:37:37',1241,49.99,19.49,33618,1),(1242,'2012-10-15 16:07:58',1242,49.99,19.49,33633,1),(1243,'2012-10-15 21:28:55',1243,49.99,19.49,33722,1),(1244,'2012-10-16 00:24:56',1244,49.99,19.49,33750,1),(1245,'2012-10-16 01:49:01',1245,49.99,19.49,33762,1),(1246,'2012-10-16 02:25:03',1246,49.99,19.49,33767,1),(1247,'2012-10-16 05:50:04',1247,49.99,19.49,33787,1),(1248,'2012-10-16 08:39:58',1248,49.99,19.49,33802,1),(1249,'2012-10-16 10:10:18',1249,49.99,19.49,33820,1),(1250,'2012-10-16 10:57:32',1250,49.99,19.49,33828,1),(1251,'2012-10-16 11:36:44',1251,49.99,19.49,33842,1),(1252,'2012-10-16 11:51:28',1252,49.99,19.49,33851,1),(1253,'2012-10-16 12:02:57',1253,49.99,19.49,33860,1),(1254,'2012-10-16 12:52:33',1254,49.99,19.49,33884,1),(1255,'2012-10-16 14:01:30',1255,49.99,19.49,33903,1),(1256,'2012-10-16 16:52:18',1256,49.99,19.49,33959,1),(1257,'2012-10-16 17:00:23',1257,49.99,19.49,33962,1),(1258,'2012-10-16 21:58:24',1258,49.99,19.49,34031,1),(1259,'2012-10-16 23:55:35',1259,49.99,19.49,34042,1),(1260,'2012-10-17 02:27:38',1260,49.99,19.49,34059,1),(1261,'2012-10-17 04:36:35',1261,49.99,19.49,34071,1),(1262,'2012-10-17 07:21:32',1262,49.99,19.49,34086,1),(1263,'2012-10-17 09:33:08',1263,49.99,19.49,34110,1),(1264,'2012-10-17 10:01:28',1264,49.99,19.49,34120,1),(1265,'2012-10-17 12:45:07',1265,49.99,19.49,34167,1),(1266,'2012-10-17 13:26:07',1266,49.99,19.49,34183,1),(1267,'2012-10-17 13:56:47',1267,49.99,19.49,34193,1),(1268,'2012-10-17 16:11:14',1268,49.99,19.49,34249,1),(1269,'2012-10-17 17:06:13',1269,49.99,19.49,34271,1),(1270,'2012-10-17 19:00:38',1270,49.99,19.49,34302,1),(1271,'2012-10-17 19:42:47',1271,49.99,19.49,34317,1),(1272,'2012-10-17 19:55:22',1272,49.99,19.49,34322,1),(1273,'2012-10-17 20:00:29',1273,49.99,19.49,34324,1),(1274,'2012-10-17 21:02:36',1274,49.99,19.49,34341,1),(1275,'2012-10-17 21:37:49',1275,49.99,19.49,34348,1),(1276,'2012-10-18 02:30:59',1276,49.99,19.49,34404,1),(1277,'2012-10-18 06:35:42',1277,49.99,19.49,34425,1),(1278,'2012-10-18 07:18:39',1278,49.99,19.49,34431,1),(1279,'2012-10-18 07:42:51',1279,49.99,19.49,34439,1),(1280,'2012-10-18 09:16:57',1280,49.99,19.49,34464,1),(1281,'2012-10-18 09:20:27',1281,49.99,19.49,34463,1),(1282,'2012-10-18 10:11:07',1282,49.99,19.49,34479,1),(1283,'2012-10-18 10:25:27',1283,49.99,19.49,34483,1),(1284,'2012-10-18 11:06:15',1284,49.99,19.49,34500,1),(1285,'2012-10-18 12:11:40',1285,49.99,19.49,34521,1),(1286,'2012-10-18 13:31:57',1286,49.99,19.49,34566,1),(1287,'2012-10-18 13:39:56',1287,49.99,19.49,34567,1),(1288,'2012-10-18 13:44:55',1288,49.99,19.49,34574,1),(1289,'2012-10-18 15:01:34',1289,49.99,19.49,34605,1),(1290,'2012-10-18 17:28:27',1290,49.99,19.49,34663,1),(1291,'2012-10-18 20:39:40',1291,49.99,19.49,34707,1),(1292,'2012-10-18 20:39:49',1292,49.99,19.49,34710,1),(1293,'2012-10-18 21:09:25',1293,49.99,19.49,34715,1),(1294,'2012-10-18 21:28:49',1294,49.99,19.49,34718,1),(1295,'2012-10-18 21:46:48',1295,49.99,19.49,34724,1),(1296,'2012-10-18 23:45:08',1296,49.99,19.49,34751,1),(1297,'2012-10-18 23:54:20',1297,49.99,19.49,34754,1),(1298,'2012-10-19 08:45:58',1298,49.99,19.49,34817,1),(1299,'2012-10-19 08:55:34',1299,49.99,19.49,34819,1),(1300,'2012-10-19 10:41:45',1300,49.99,19.49,34848,1),(1301,'2012-10-19 11:37:54',1301,49.99,19.49,34868,1),(1302,'2012-10-19 12:05:02',1302,49.99,19.49,34876,1),(1303,'2012-10-19 12:45:11',1303,49.99,19.49,34889,1),(1304,'2012-10-19 13:33:16',1304,49.99,19.49,34906,1),(1305,'2012-10-19 14:27:32',1305,49.99,19.49,34928,1),(1306,'2012-10-19 14:39:24',1306,49.99,19.49,34932,1),(1307,'2012-10-19 14:53:27',1307,49.99,19.49,34937,1),(1308,'2012-10-19 15:15:17',1308,49.99,19.49,34944,1),(1309,'2012-10-19 15:59:13',1309,49.99,19.49,34961,1),(1310,'2012-10-19 16:31:25',1310,49.99,19.49,34976,1),(1311,'2012-10-19 17:07:36',1311,49.99,19.49,34998,1),(1312,'2012-10-19 17:11:53',1312,49.99,19.49,35000,1),(1313,'2012-10-19 18:27:08',1313,49.99,19.49,35015,1),(1314,'2012-10-20 09:21:26',1314,49.99,19.49,35106,1),(1315,'2012-10-20 10:02:53',1315,49.99,19.49,35112,1),(1316,'2012-10-20 14:26:33',1316,49.99,19.49,35143,1),(1317,'2012-10-20 18:04:55',1317,49.99,19.49,35180,1),(1318,'2012-10-21 01:58:17',1318,49.99,19.49,35228,1),(1319,'2012-10-21 13:39:59',1319,49.99,19.49,35285,1),(1320,'2012-10-21 15:24:39',1320,49.99,19.49,35295,1),(1321,'2012-10-21 17:48:34',1321,49.99,19.49,35308,1),(1322,'2012-10-21 18:21:40',1322,49.99,19.49,35311,1),(1323,'2012-10-21 19:28:12',1323,49.99,19.49,35317,1),(1324,'2012-10-21 20:47:45',1324,49.99,19.49,35327,1),(1325,'2012-10-21 20:59:22',1325,49.99,19.49,35329,1),(1326,'2012-10-21 21:18:09',1326,49.99,19.49,35332,1),(1327,'2012-10-22 02:39:51',1327,49.99,19.49,35381,1),(1328,'2012-10-22 04:45:29',1328,49.99,19.49,35396,1),(1329,'2012-10-22 06:31:49',1329,49.99,19.49,35407,1),(1330,'2012-10-22 07:43:56',1330,49.99,19.49,35411,1),(1331,'2012-10-22 09:01:22',1331,49.99,19.49,35428,1),(1332,'2012-10-22 09:42:47',1332,49.99,19.49,35442,1),(1333,'2012-10-22 13:38:16',1333,49.99,19.49,35523,1),(1334,'2012-10-22 14:06:48',1334,49.99,19.49,35533,1),(1335,'2012-10-22 14:32:41',1335,49.99,19.49,35541,1),(1336,'2012-10-22 15:48:12',1336,49.99,19.49,35565,1),(1337,'2012-10-22 20:48:56',1337,49.99,19.49,35644,1),(1338,'2012-10-22 20:52:16',1338,49.99,19.49,35645,1),(1339,'2012-10-23 03:56:17',1339,49.99,19.49,35706,1),(1340,'2012-10-23 05:26:59',1340,49.99,19.49,35717,1),(1341,'2012-10-23 07:33:56',1341,49.99,19.49,35733,1),(1342,'2012-10-23 08:06:39',1342,49.99,19.49,35735,1),(1343,'2012-10-23 09:29:26',1343,49.99,19.49,35753,1),(1344,'2012-10-23 11:47:57',1344,49.99,19.49,35793,1),(1345,'2012-10-23 12:21:32',1345,49.99,19.49,35799,1),(1346,'2012-10-23 14:05:56',1346,49.99,19.49,35847,1),(1347,'2012-10-23 14:23:27',1347,49.99,19.49,35856,1),(1348,'2012-10-23 16:36:52',1348,49.99,19.49,35894,1),(1349,'2012-10-23 17:04:47',1349,49.99,19.49,35915,1),(1350,'2012-10-23 18:10:24',1350,49.99,19.49,35938,1),(1351,'2012-10-23 18:35:20',1351,49.99,19.49,35945,1),(1352,'2012-10-23 21:19:39',1352,49.99,19.49,35986,1),(1353,'2012-10-23 21:51:33',1353,49.99,19.49,35995,1),(1354,'2012-10-23 22:21:02',1354,49.99,19.49,35998,1),(1355,'2012-10-23 22:50:41',1355,49.99,19.49,36007,1),(1356,'2012-10-24 06:39:19',1356,49.99,19.49,36065,1),(1357,'2012-10-24 09:03:25',1357,49.99,19.49,36088,1),(1358,'2012-10-24 09:42:42',1358,49.99,19.49,36098,1),(1359,'2012-10-24 09:47:46',1359,49.99,19.49,36101,1),(1360,'2012-10-24 10:33:45',1360,49.99,19.49,36125,1),(1361,'2012-10-24 10:55:39',1361,49.99,19.49,36137,1),(1362,'2012-10-24 11:26:53',1362,49.99,19.49,36150,1),(1363,'2012-10-24 13:44:54',1363,49.99,19.49,36217,1),(1364,'2012-10-24 14:37:21',1364,49.99,19.49,36239,1),(1365,'2012-10-24 14:48:38',1365,49.99,19.49,36252,1),(1366,'2012-10-24 15:46:29',1366,49.99,19.49,36273,1),(1367,'2012-10-24 17:44:27',1367,49.99,19.49,36318,1),(1368,'2012-10-24 18:25:56',1368,49.99,19.49,36333,1),(1369,'2012-10-24 21:32:25',1369,49.99,19.49,36379,1),(1370,'2012-10-24 22:06:39',1370,49.99,19.49,36389,1),(1371,'2012-10-24 22:10:52',1371,49.99,19.49,36388,1),(1372,'2012-10-24 22:52:19',1372,49.99,19.49,36396,1),(1373,'2012-10-25 00:17:54',1373,49.99,19.49,36415,1),(1374,'2012-10-25 07:16:22',1374,49.99,19.49,36456,1),(1375,'2012-10-25 07:19:32',1375,49.99,19.49,36453,1),(1376,'2012-10-25 07:29:37',1376,49.99,19.49,36460,1),(1377,'2012-10-25 08:36:41',1377,49.99,19.49,36481,1),(1378,'2012-10-25 10:43:04',1378,49.99,19.49,36524,1),(1379,'2012-10-25 11:46:07',1379,49.99,19.49,36546,1),(1380,'2012-10-25 13:11:57',1380,49.99,19.49,36580,1),(1381,'2012-10-25 14:04:52',1381,49.99,19.49,36605,1),(1382,'2012-10-25 14:19:21',1382,49.99,19.49,36609,1),(1383,'2012-10-25 16:56:38',1383,49.99,19.49,36676,1),(1384,'2012-10-25 18:39:33',1384,49.99,19.49,36714,1),(1385,'2012-10-25 19:01:11',1385,49.99,19.49,36724,1),(1386,'2012-10-25 19:51:08',1386,49.99,19.49,36735,1),(1387,'2012-10-25 20:58:12',1387,49.99,19.49,36755,1),(1388,'2012-10-26 07:31:23',1388,49.99,19.49,36823,1),(1389,'2012-10-26 09:22:59',1389,49.99,19.49,36843,1),(1390,'2012-10-26 11:39:55',1390,49.99,19.49,36887,1),(1391,'2012-10-26 12:14:33',1391,49.99,19.49,36899,1),(1392,'2012-10-26 12:26:34',1392,49.99,19.49,36908,1),(1393,'2012-10-26 12:41:25',1393,49.99,19.49,36917,1),(1394,'2012-10-26 12:53:06',1394,49.99,19.49,36921,1),(1395,'2012-10-26 13:10:26',1395,49.99,19.49,36925,1),(1396,'2012-10-26 13:25:38',1396,49.99,19.49,36934,1),(1397,'2012-10-26 13:25:58',1397,49.99,19.49,36940,1),(1398,'2012-10-26 14:56:00',1398,49.99,19.49,36973,1),(1399,'2012-10-26 15:34:18',1399,49.99,19.49,36984,1),(1400,'2012-10-26 17:05:27',1400,49.99,19.49,37017,1),(1401,'2012-10-26 17:14:30',1401,49.99,19.49,37019,1),(1402,'2012-10-26 19:03:52',1402,49.99,19.49,37042,1),(1403,'2012-10-26 19:48:43',1403,49.99,19.49,37049,1),(1404,'2012-10-26 22:11:25',1404,49.99,19.49,37076,1),(1405,'2012-10-26 23:44:03',1405,49.99,19.49,37090,1),(1406,'2012-10-27 02:44:43',1406,49.99,19.49,37111,1),(1407,'2012-10-27 04:23:06',1407,49.99,19.49,37117,1),(1408,'2012-10-27 05:39:40',1408,49.99,19.49,37124,1),(1409,'2012-10-27 11:09:08',1409,49.99,19.49,37165,1),(1410,'2012-10-27 11:21:06',1410,49.99,19.49,37170,1),(1411,'2012-10-27 12:16:55',1411,49.99,19.49,37178,1),(1412,'2012-10-27 13:52:04',1412,49.99,19.49,37189,1),(1413,'2012-10-28 01:21:46',1413,49.99,19.49,37266,1),(1414,'2012-10-28 06:58:53',1414,49.99,19.49,37280,1),(1415,'2012-10-28 10:22:13',1415,49.99,19.49,37299,1),(1416,'2012-10-28 14:41:24',1416,49.99,19.49,37330,1),(1417,'2012-10-28 21:32:58',1417,49.99,19.49,37389,1),(1418,'2012-10-28 23:21:30',1418,49.99,19.49,37413,1),(1419,'2012-10-29 04:38:58',1419,49.99,19.49,37440,1),(1420,'2012-10-29 07:30:54',1420,49.99,19.49,37457,1),(1421,'2012-10-29 09:20:57',1421,49.99,19.49,37474,1),(1422,'2012-10-29 09:23:24',1422,49.99,19.49,37473,1),(1423,'2012-10-29 11:34:36',1423,49.99,19.49,37514,1),(1424,'2012-10-29 11:39:24',1424,49.99,19.49,37518,1),(1425,'2012-10-29 15:23:25',1425,49.99,19.49,37582,1),(1426,'2012-10-29 15:40:26',1426,49.99,19.49,37589,1),(1427,'2012-10-29 16:31:31',1427,49.99,19.49,37605,1),(1428,'2012-10-29 18:07:14',1428,49.99,19.49,37635,1),(1429,'2012-10-29 20:52:35',1429,49.99,19.49,37663,1),(1430,'2012-10-29 23:56:47',1430,49.99,19.49,37695,1),(1431,'2012-10-30 00:38:21',1431,49.99,19.49,37703,1),(1432,'2012-10-30 06:42:03',1432,49.99,19.49,37734,1),(1433,'2012-10-30 09:03:10',1433,49.99,19.49,37773,1),(1434,'2012-10-30 09:10:35',1434,49.99,19.49,37774,1),(1435,'2012-10-30 09:36:30',1435,49.99,19.49,37783,1),(1436,'2012-10-30 11:11:32',1436,49.99,19.49,37808,1),(1437,'2012-10-30 11:21:32',1437,49.99,19.49,37813,1),(1438,'2012-10-30 12:30:08',1438,49.99,19.49,37840,1),(1439,'2012-10-30 12:42:55',1439,49.99,19.49,37846,1),(1440,'2012-10-30 14:06:04',1440,49.99,19.49,37875,1),(1441,'2012-10-30 18:15:11',1441,49.99,19.49,37947,1),(1442,'2012-10-30 19:20:38',1442,49.99,19.49,37965,1),(1443,'2012-10-30 21:09:00',1443,49.99,19.49,37993,1),(1444,'2012-10-30 23:42:30',1444,49.99,19.49,38019,1),(1445,'2012-10-31 01:58:54',1445,49.99,19.49,38037,1),(1446,'2012-10-31 07:57:49',1446,49.99,19.49,38061,1),(1447,'2012-10-31 10:22:14',1447,49.99,19.49,38104,1),(1448,'2012-10-31 12:09:29',1448,49.99,19.49,38158,1),(1449,'2012-10-31 12:47:44',1449,49.99,19.49,38172,1),(1450,'2012-10-31 13:07:32',1450,49.99,19.49,38182,1),(1451,'2012-10-31 14:46:50',1451,49.99,19.49,38217,1),(1452,'2012-10-31 15:48:49',1452,49.99,19.49,38238,1),(1453,'2012-10-31 15:56:08',1453,49.99,19.49,38244,1),(1454,'2012-10-31 16:50:37',1454,49.99,19.49,38272,1),(1455,'2012-10-31 17:26:38',1455,49.99,19.49,38288,1),(1456,'2012-10-31 19:08:03',1456,49.99,19.49,38320,1),(1457,'2012-10-31 20:28:25',1457,49.99,19.49,38343,1),(1458,'2012-10-31 20:36:22',1458,49.99,19.49,38345,1),(1459,'2012-10-31 20:44:04',1459,49.99,19.49,38347,1),(1460,'2012-10-31 20:59:48',1460,49.99,19.49,38350,1),(1461,'2012-10-31 21:07:53',1461,49.99,19.49,38351,1),(1462,'2012-10-31 22:08:14',1462,49.99,19.49,38365,1),(1463,'2012-11-01 01:53:10',1463,49.99,19.49,38395,1),(1464,'2012-11-01 12:05:45',1464,49.99,19.49,38508,1),(1465,'2012-11-01 12:35:09',1465,49.99,19.49,38519,1),(1466,'2012-11-01 15:14:40',1466,49.99,19.49,38576,1),(1467,'2012-11-01 16:08:18',1467,49.99,19.49,38598,1),(1468,'2012-11-01 16:31:27',1468,49.99,19.49,38606,1),(1469,'2012-11-01 17:18:52',1469,49.99,19.49,38627,1),(1470,'2012-11-01 19:01:05',1470,49.99,19.49,38654,1),(1471,'2012-11-01 20:46:11',1471,49.99,19.49,38676,1),(1472,'2012-11-01 21:20:53',1472,49.99,19.49,38684,1),(1473,'2012-11-01 21:26:04',1473,49.99,19.49,38685,1),(1474,'2012-11-01 22:31:58',1474,49.99,19.49,38696,1),(1475,'2012-11-01 23:56:10',1475,49.99,19.49,38711,1),(1476,'2012-11-02 00:47:28',1476,49.99,19.49,38723,1),(1477,'2012-11-02 01:49:17',1477,49.99,19.49,38730,1),(1478,'2012-11-02 03:58:54',1478,49.99,19.49,38739,1),(1479,'2012-11-02 06:39:56',1479,49.99,19.49,38757,1),(1480,'2012-11-02 08:59:29',1480,49.99,19.49,38770,1),(1481,'2012-11-02 10:14:35',1481,49.99,19.49,38786,1),(1482,'2012-11-02 11:30:33',1482,49.99,19.49,38804,1),(1483,'2012-11-02 13:47:59',1483,49.99,19.49,38854,1),(1484,'2012-11-02 15:26:09',1484,49.99,19.49,38889,1),(1485,'2012-11-02 19:15:05',1485,49.99,19.49,38957,1),(1486,'2012-11-02 19:39:27',1486,49.99,19.49,38963,1),(1487,'2012-11-02 20:32:28',1487,49.99,19.49,38987,1),(1488,'2012-11-02 21:16:14',1488,49.99,19.49,38995,1),(1489,'2012-11-02 21:22:07',1489,49.99,19.49,38997,1),(1490,'2012-11-02 23:18:16',1490,49.99,19.49,39008,1),(1491,'2012-11-03 08:24:19',1491,49.99,19.49,39052,1),(1492,'2012-11-03 11:44:06',1492,49.99,19.49,39082,1),(1493,'2012-11-03 15:01:11',1493,49.99,19.49,39115,1),(1494,'2012-11-03 23:34:51',1494,49.99,19.49,39180,1),(1495,'2012-11-04 00:28:32',1495,49.99,19.49,39185,1),(1496,'2012-11-04 02:12:48',1496,49.99,19.49,39191,1),(1497,'2012-11-04 03:05:09',1497,49.99,19.49,39195,1),(1498,'2012-11-04 08:08:32',1498,49.99,19.49,39211,1),(1499,'2012-11-04 14:19:21',1499,49.99,19.49,39258,1),(1500,'2012-11-04 15:00:15',1500,49.99,19.49,39263,1),(1501,'2012-11-04 15:06:05',1501,49.99,19.49,39264,1),(1502,'2012-11-04 15:20:04',1502,49.99,19.49,39266,1),(1503,'2012-11-04 16:30:23',1503,49.99,19.49,39278,1),(1504,'2012-11-04 20:58:09',1504,49.99,19.49,39309,1),(1505,'2012-11-05 00:24:36',1505,49.99,19.49,39341,1),(1506,'2012-11-05 02:23:49',1506,49.99,19.49,39360,1),(1507,'2012-11-05 10:10:27',1507,49.99,19.49,39426,1),(1508,'2012-11-05 11:52:36',1508,49.99,19.49,39475,1),(1509,'2012-11-05 14:47:57',1509,49.99,19.49,39536,1),(1510,'2012-11-05 16:21:06',1510,49.99,19.49,39570,1),(1511,'2012-11-05 16:27:28',1511,49.99,19.49,39573,1),(1512,'2012-11-05 18:36:39',1512,49.99,19.49,39613,1),(1513,'2012-11-05 18:36:49',1513,49.99,19.49,39614,1),(1514,'2012-11-05 18:45:31',1514,49.99,19.49,39618,1),(1515,'2012-11-05 19:57:29',1515,49.99,19.49,39636,1),(1516,'2012-11-06 03:11:04',1516,49.99,19.49,39704,1),(1517,'2012-11-06 06:29:10',1517,49.99,19.49,39722,1),(1518,'2012-11-06 06:52:24',1518,49.99,19.49,39725,1),(1519,'2012-11-06 08:38:31',1519,49.99,19.49,39746,1),(1520,'2012-11-06 09:51:28',1520,49.99,19.49,39762,1),(1521,'2012-11-06 10:05:16',1521,49.99,19.49,39774,1),(1522,'2012-11-06 10:33:57',1522,49.99,19.49,39783,1),(1523,'2012-11-06 12:35:09',1523,49.99,19.49,39825,1),(1524,'2012-11-06 14:06:35',1524,49.99,19.49,39874,1),(1525,'2012-11-06 14:28:08',1525,49.99,19.49,39886,1),(1526,'2012-11-06 14:47:56',1526,49.99,19.49,39896,1),(1527,'2012-11-06 15:06:40',1527,49.99,19.49,39901,1),(1528,'2012-11-06 15:20:39',1528,49.99,19.49,39909,1),(1529,'2012-11-06 15:26:09',1529,49.99,19.49,39913,1),(1530,'2012-11-06 16:52:04',1530,49.99,19.49,39944,1),(1531,'2012-11-06 17:02:25',1531,49.99,19.49,39947,1),(1532,'2012-11-06 17:31:16',1532,49.99,19.49,39962,1),(1533,'2012-11-06 18:02:08',1533,49.99,19.49,39973,1),(1534,'2012-11-06 18:15:50',1534,49.99,19.49,39977,1),(1535,'2012-11-06 20:31:31',1535,49.99,19.49,40019,1),(1536,'2012-11-06 22:11:41',1536,49.99,19.49,40045,1),(1537,'2012-11-07 02:34:13',1537,49.99,19.49,40086,1),(1538,'2012-11-07 05:13:20',1538,49.99,19.49,40100,1),(1539,'2012-11-07 05:52:15',1539,49.99,19.49,40103,1),(1540,'2012-11-07 07:58:40',1540,49.99,19.49,40113,1),(1541,'2012-11-07 08:44:53',1541,49.99,19.49,40120,1),(1542,'2012-11-07 09:47:11',1542,49.99,19.49,40142,1),(1543,'2012-11-07 10:44:43',1543,49.99,19.49,40159,1),(1544,'2012-11-07 10:56:28',1544,49.99,19.49,40171,1),(1545,'2012-11-07 14:38:44',1545,49.99,19.49,40280,1),(1546,'2012-11-07 15:32:34',1546,49.99,19.49,40308,1),(1547,'2012-11-07 15:51:02',1547,49.99,19.49,40321,1),(1548,'2012-11-07 16:08:42',1548,49.99,19.49,40328,1),(1549,'2012-11-07 16:35:30',1549,49.99,19.49,40337,1),(1550,'2012-11-07 17:26:40',1550,49.99,19.49,40357,1),(1551,'2012-11-07 18:28:17',1551,49.99,19.49,40381,1),(1552,'2012-11-07 18:31:01',1552,49.99,19.49,40382,1),(1553,'2012-11-07 20:33:14',1553,49.99,19.49,40407,1),(1554,'2012-11-07 22:24:53',1554,49.99,19.49,40435,1),(1555,'2012-11-07 23:04:51',1555,49.99,19.49,40438,1),(1556,'2012-11-08 00:00:44',1556,49.99,19.49,40448,1),(1557,'2012-11-08 01:50:03',1557,49.99,19.49,40460,1),(1558,'2012-11-08 04:48:20',1558,49.99,19.49,40473,1),(1559,'2012-11-08 10:42:32',1559,49.99,19.49,40541,1),(1560,'2012-11-08 11:46:11',1560,49.99,19.49,40558,1),(1561,'2012-11-08 13:26:54',1561,49.99,19.49,40599,1),(1562,'2012-11-08 16:48:19',1562,49.99,19.49,40682,1),(1563,'2012-11-08 18:34:37',1563,49.99,19.49,40711,1),(1564,'2012-11-08 23:54:35',1564,49.99,19.49,40770,1),(1565,'2012-11-09 04:36:27',1565,49.99,19.49,40804,1),(1566,'2012-11-09 05:10:53',1566,49.99,19.49,40812,1),(1567,'2012-11-09 06:54:10',1567,49.99,19.49,40829,1),(1568,'2012-11-09 08:05:54',1568,49.99,19.49,40840,1),(1569,'2012-11-09 08:06:36',1569,49.99,19.49,40839,1),(1570,'2012-11-09 08:14:56',1570,49.99,19.49,40843,1),(1571,'2012-11-09 09:01:40',1571,49.99,19.49,40850,1),(1572,'2012-11-09 09:28:11',1572,49.99,19.49,40860,1),(1573,'2012-11-09 09:43:17',1573,49.99,19.49,40866,1),(1574,'2012-11-09 11:22:33',1574,49.99,19.49,40900,1),(1575,'2012-11-09 11:41:16',1575,49.99,19.49,40903,1),(1576,'2012-11-09 12:18:16',1576,49.99,19.49,40922,1),(1577,'2012-11-09 13:08:40',1577,49.99,19.49,40937,1),(1578,'2012-11-09 13:58:01',1578,49.99,19.49,40953,1),(1579,'2012-11-09 14:09:26',1579,49.99,19.49,40957,1),(1580,'2012-11-09 16:52:02',1580,49.99,19.49,41014,1),(1581,'2012-11-10 03:15:58',1581,49.99,19.49,41117,1),(1582,'2012-11-10 14:19:48',1582,49.99,19.49,41198,1),(1583,'2012-11-10 17:17:41',1583,49.99,19.49,41221,1),(1584,'2012-11-10 18:07:01',1584,49.99,19.49,41227,1),(1585,'2012-11-10 21:15:18',1585,49.99,19.49,41252,1),(1586,'2012-11-11 01:05:04',1586,49.99,19.49,41275,1),(1587,'2012-11-11 03:12:09',1587,49.99,19.49,41280,1),(1588,'2012-11-11 08:08:03',1588,49.99,19.49,41299,1),(1589,'2012-11-11 19:38:19',1589,49.99,19.49,41388,1),(1590,'2012-11-11 21:58:20',1590,49.99,19.49,41408,1),(1591,'2012-11-11 21:58:37',1591,49.99,19.49,41407,1),(1592,'2012-11-12 00:05:54',1592,49.99,19.49,41432,1),(1593,'2012-11-12 06:10:36',1593,49.99,19.49,41470,1),(1594,'2012-11-12 08:26:53',1594,49.99,19.49,41481,1),(1595,'2012-11-12 08:32:05',1595,49.99,19.49,41482,1),(1596,'2012-11-12 09:09:42',1596,49.99,19.49,41492,1),(1597,'2012-11-12 09:26:10',1597,49.99,19.49,41497,1),(1598,'2012-11-12 09:53:21',1598,49.99,19.49,41509,1),(1599,'2012-11-12 10:47:57',1599,49.99,19.49,41522,1),(1600,'2012-11-12 11:45:07',1600,49.99,19.49,41536,1),(1601,'2012-11-12 12:13:49',1601,49.99,19.49,41548,1),(1602,'2012-11-12 16:33:20',1602,49.99,19.49,41639,1),(1603,'2012-11-12 16:43:39',1603,49.99,19.49,41646,1),(1604,'2012-11-12 19:23:54',1604,49.99,19.49,41697,1),(1605,'2012-11-12 19:31:55',1605,49.99,19.49,41698,1),(1606,'2012-11-12 19:32:30',1606,49.99,19.49,41699,1),(1607,'2012-11-12 21:26:26',1607,49.99,19.49,41721,1),(1608,'2012-11-12 21:56:52',1608,49.99,19.49,41729,1),(1609,'2012-11-12 22:24:27',1609,49.99,19.49,41733,1),(1610,'2012-11-13 02:45:44',1610,49.99,19.49,41767,1),(1611,'2012-11-13 12:43:26',1611,49.99,19.49,41888,1),(1612,'2012-11-13 12:50:21',1612,49.99,19.49,41892,1),(1613,'2012-11-13 14:04:07',1613,49.99,19.49,41915,1),(1614,'2012-11-13 15:39:26',1614,49.99,19.49,41952,1),(1615,'2012-11-13 16:15:44',1615,49.99,19.49,41963,1),(1616,'2012-11-13 16:16:36',1616,49.99,19.49,41967,1),(1617,'2012-11-13 16:18:30',1617,49.99,19.49,41968,1),(1618,'2012-11-13 16:34:41',1618,49.99,19.49,41974,1),(1619,'2012-11-13 16:47:09',1619,49.99,19.49,41981,1),(1620,'2012-11-13 17:06:53',1620,49.99,19.49,41990,1),(1621,'2012-11-13 17:44:27',1621,49.99,19.49,41997,1),(1622,'2012-11-13 19:30:35',1622,49.99,19.49,42024,1),(1623,'2012-11-13 20:02:07',1623,49.99,19.49,42033,1),(1624,'2012-11-13 21:14:41',1624,49.99,19.49,42044,1),(1625,'2012-11-14 00:16:26',1625,49.99,19.49,42081,1),(1626,'2012-11-14 04:29:51',1626,49.99,19.49,42102,1),(1627,'2012-11-14 05:45:44',1627,49.99,19.49,42111,1),(1628,'2012-11-14 08:00:18',1628,49.99,19.49,42125,1),(1629,'2012-11-14 10:32:01',1629,49.99,19.49,42168,1),(1630,'2012-11-14 11:26:12',1630,49.99,19.49,42190,1),(1631,'2012-11-14 12:13:16',1631,49.99,19.49,42204,1),(1632,'2012-11-14 14:06:47',1632,49.99,19.49,42244,1),(1633,'2012-11-14 14:12:31',1633,49.99,19.49,42247,1),(1634,'2012-11-14 14:26:08',1634,49.99,19.49,42252,1),(1635,'2012-11-14 16:39:56',1635,49.99,19.49,42312,1),(1636,'2012-11-14 17:45:33',1636,49.99,19.49,42333,1),(1637,'2012-11-14 18:13:28',1637,49.99,19.49,42341,1),(1638,'2012-11-14 18:39:21',1638,49.99,19.49,42354,1),(1639,'2012-11-14 20:13:00',1639,49.99,19.49,42379,1),(1640,'2012-11-15 02:11:57',1640,49.99,19.49,42437,1),(1641,'2012-11-15 02:57:28',1641,49.99,19.49,42442,1),(1642,'2012-11-15 03:49:38',1642,49.99,19.49,42446,1),(1643,'2012-11-15 04:07:14',1643,49.99,19.49,42450,1),(1644,'2012-11-15 07:06:45',1644,49.99,19.49,42464,1),(1645,'2012-11-15 10:49:58',1645,49.99,19.49,42520,1),(1646,'2012-11-15 11:40:13',1646,49.99,19.49,42538,1),(1647,'2012-11-15 12:21:45',1647,49.99,19.49,42553,1),(1648,'2012-11-15 12:21:49',1648,49.99,19.49,42551,1),(1649,'2012-11-15 12:35:12',1649,49.99,19.49,42560,1),(1650,'2012-11-15 13:38:43',1650,49.99,19.49,42576,1),(1651,'2012-11-15 15:57:26',1651,49.99,19.49,42632,1),(1652,'2012-11-15 17:01:14',1652,49.99,19.49,42663,1),(1653,'2012-11-15 17:35:09',1653,49.99,19.49,42671,1),(1654,'2012-11-15 17:49:58',1654,49.99,19.49,42681,1),(1655,'2012-11-15 18:28:02',1655,49.99,19.49,42694,1),(1656,'2012-11-15 18:50:05',1656,49.99,19.49,42703,1),(1657,'2012-11-15 20:28:46',1657,49.99,19.49,42725,1),(1658,'2012-11-15 20:35:07',1658,49.99,19.49,42727,1),(1659,'2012-11-15 21:02:38',1659,49.99,19.49,42733,1),(1660,'2012-11-15 23:35:40',1660,49.99,19.49,42761,1),(1661,'2012-11-16 04:00:18',1661,49.99,19.49,42785,1),(1662,'2012-11-16 08:26:24',1662,49.99,19.49,42806,1),(1663,'2012-11-16 09:27:44',1663,49.99,19.49,42824,1),(1664,'2012-11-16 09:51:40',1664,49.99,19.49,42832,1),(1665,'2012-11-16 09:53:31',1665,49.99,19.49,42829,1),(1666,'2012-11-16 10:26:01',1666,49.99,19.49,42840,1),(1667,'2012-11-16 11:02:46',1667,49.99,19.49,42851,1),(1668,'2012-11-16 11:50:16',1668,49.99,19.49,42869,1),(1669,'2012-11-16 12:23:30',1669,49.99,19.49,42892,1),(1670,'2012-11-16 13:03:01',1670,49.99,19.49,42904,1),(1671,'2012-11-16 14:50:29',1671,49.99,19.49,42947,1),(1672,'2012-11-16 15:27:48',1672,49.99,19.49,42961,1),(1673,'2012-11-16 15:34:34',1673,49.99,19.49,42962,1),(1674,'2012-11-16 15:40:42',1674,49.99,19.49,42968,1),(1675,'2012-11-16 16:11:37',1675,49.99,19.49,42984,1),(1676,'2012-11-16 17:46:44',1676,49.99,19.49,43014,1),(1677,'2012-11-16 19:16:32',1677,49.99,19.49,43040,1),(1678,'2012-11-16 19:27:03',1678,49.99,19.49,43044,1),(1679,'2012-11-16 19:33:21',1679,49.99,19.49,43046,1),(1680,'2012-11-16 22:23:45',1680,49.99,19.49,43076,1),(1681,'2012-11-16 22:34:57',1681,49.99,19.49,43078,1),(1682,'2012-11-17 13:25:56',1682,49.99,19.49,43155,1),(1683,'2012-11-17 15:23:54',1683,49.99,19.49,43172,1),(1684,'2012-11-17 16:11:35',1684,49.99,19.49,43174,1),(1685,'2012-11-17 17:35:47',1685,49.99,19.49,43189,1),(1686,'2012-11-17 17:53:20',1686,49.99,19.49,43190,1),(1687,'2012-11-18 03:01:17',1687,49.99,19.49,43255,1),(1688,'2012-11-18 06:19:23',1688,49.99,19.49,43270,1),(1689,'2012-11-18 06:56:43',1689,49.99,19.49,43272,1),(1690,'2012-11-18 14:45:47',1690,49.99,19.49,43330,1),(1691,'2012-11-18 14:51:05',1691,49.99,19.49,43329,1),(1692,'2012-11-18 16:04:43',1692,49.99,19.49,43340,1),(1693,'2012-11-18 16:47:40',1693,49.99,19.49,43345,1),(1694,'2012-11-18 21:44:11',1694,49.99,19.49,43401,1),(1695,'2012-11-19 00:15:25',1695,49.99,19.49,43433,1),(1696,'2012-11-19 02:53:02',1696,49.99,19.49,43452,1),(1697,'2012-11-19 05:48:29',1697,49.99,19.49,43466,1),(1698,'2012-11-19 06:02:46',1698,49.99,19.49,43467,1),(1699,'2012-11-19 07:04:17',1699,49.99,19.49,43479,1),(1700,'2012-11-19 11:21:03',1700,49.99,19.49,43553,1),(1701,'2012-11-19 11:50:08',1701,49.99,19.49,43563,1),(1702,'2012-11-19 12:15:12',1702,49.99,19.49,43580,1),(1703,'2012-11-19 13:05:58',1703,49.99,19.49,43589,1),(1704,'2012-11-19 16:33:41',1704,49.99,19.49,43663,1),(1705,'2012-11-19 17:36:22',1705,49.99,19.49,43682,1),(1706,'2012-11-19 17:56:37',1706,49.99,19.49,43687,1),(1707,'2012-11-19 20:12:44',1707,49.99,19.49,43727,1),(1708,'2012-11-20 01:11:24',1708,49.99,19.49,43776,1),(1709,'2012-11-20 06:36:17',1709,49.99,19.49,43817,1),(1710,'2012-11-20 07:45:32',1710,49.99,19.49,43829,1),(1711,'2012-11-20 08:36:39',1711,49.99,19.49,43838,1),(1712,'2012-11-20 09:24:49',1712,49.99,19.49,43854,1),(1713,'2012-11-20 10:58:15',1713,49.99,19.49,43882,1),(1714,'2012-11-20 11:31:18',1714,49.99,19.49,43897,1),(1715,'2012-11-20 12:24:55',1715,49.99,19.49,43920,1),(1716,'2012-11-20 15:37:42',1716,49.99,19.49,44005,1),(1717,'2012-11-20 15:54:30',1717,49.99,19.49,44014,1),(1718,'2012-11-20 17:26:09',1718,49.99,19.49,44047,1),(1719,'2012-11-20 17:51:54',1719,49.99,19.49,44059,1),(1720,'2012-11-20 18:08:20',1720,49.99,19.49,44064,1),(1721,'2012-11-20 19:05:47',1721,49.99,19.49,44081,1),(1722,'2012-11-20 19:43:19',1722,49.99,19.49,44093,1),(1723,'2012-11-21 04:50:53',1723,49.99,19.49,44183,1),(1724,'2012-11-21 08:46:51',1724,49.99,19.49,44213,1),(1725,'2012-11-21 09:23:11',1725,49.99,19.49,44229,1),(1726,'2012-11-21 11:47:09',1726,49.99,19.49,44287,1),(1727,'2012-11-21 12:26:47',1727,49.99,19.49,44297,1),(1728,'2012-11-21 12:40:43',1728,49.99,19.49,44298,1),(1729,'2012-11-21 12:41:15',1729,49.99,19.49,44299,1),(1730,'2012-11-21 14:05:48',1730,49.99,19.49,44337,1),(1731,'2012-11-21 14:35:15',1731,49.99,19.49,44355,1),(1732,'2012-11-21 14:36:38',1732,49.99,19.49,44358,1),(1733,'2012-11-21 17:50:53',1733,49.99,19.49,44443,1),(1734,'2012-11-21 18:09:44',1734,49.99,19.49,44449,1),(1735,'2012-11-21 19:31:13',1735,49.99,19.49,44474,1),(1736,'2012-11-21 19:58:35',1736,49.99,19.49,44485,1),(1737,'2012-11-21 20:21:23',1737,49.99,19.49,44492,1),(1738,'2012-11-21 23:03:47',1738,49.99,19.49,44525,1),(1739,'2012-11-21 23:56:37',1739,49.99,19.49,44536,1),(1740,'2012-11-22 01:10:24',1740,49.99,19.49,44547,1),(1741,'2012-11-22 08:59:51',1741,49.99,19.49,44610,1),(1742,'2012-11-22 11:14:32',1742,49.99,19.49,44662,1),(1743,'2012-11-22 11:29:50',1743,49.99,19.49,44669,1),(1744,'2012-11-22 12:06:36',1744,49.99,19.49,44679,1),(1745,'2012-11-22 12:35:07',1745,49.99,19.49,44689,1),(1746,'2012-11-22 14:41:18',1746,49.99,19.49,44746,1),(1747,'2012-11-22 18:57:13',1747,49.99,19.49,44847,1),(1748,'2012-11-22 22:18:26',1748,49.99,19.49,44887,1),(1749,'2012-11-23 00:21:14',1749,49.99,19.49,44935,1),(1750,'2012-11-23 00:33:48',1750,49.99,19.49,44944,1),(1751,'2012-11-23 00:44:18',1751,49.99,19.49,44950,1),(1752,'2012-11-23 00:54:00',1752,49.99,19.49,44966,1),(1753,'2012-11-23 01:11:47',1753,49.99,19.49,44993,1),(1754,'2012-11-23 01:56:11',1754,49.99,19.49,45037,1),(1755,'2012-11-23 02:04:24',1755,49.99,19.49,45051,1),(1756,'2012-11-23 02:54:01',1756,49.99,19.49,45095,1),(1757,'2012-11-23 03:11:37',1757,49.99,19.49,45118,1),(1758,'2012-11-23 03:58:45',1758,49.99,19.49,45147,1),(1759,'2012-11-23 04:03:42',1759,49.99,19.49,45154,1),(1760,'2012-11-23 04:14:14',1760,49.99,19.49,45164,1),(1761,'2012-11-23 04:22:29',1761,49.99,19.49,45170,1),(1762,'2012-11-23 04:57:30',1762,49.99,19.49,45205,1),(1763,'2012-11-23 05:27:23',1763,49.99,19.49,45230,1),(1764,'2012-11-23 05:53:46',1764,49.99,19.49,45244,1),(1765,'2012-11-23 05:59:02',1765,49.99,19.49,45262,1),(1766,'2012-11-23 07:09:52',1766,49.99,19.49,45346,1),(1767,'2012-11-23 07:28:28',1767,49.99,19.49,45390,1),(1768,'2012-11-23 07:35:54',1768,49.99,19.49,45412,1),(1769,'2012-11-23 07:40:57',1769,49.99,19.49,45408,1),(1770,'2012-11-23 07:56:46',1770,49.99,19.49,45432,1),(1771,'2012-11-23 08:12:10',1771,49.99,19.49,45470,1),(1772,'2012-11-23 08:30:50',1772,49.99,19.49,45500,1),(1773,'2012-11-23 08:46:50',1773,49.99,19.49,45546,1),(1774,'2012-11-23 08:54:30',1774,49.99,19.49,45547,1),(1775,'2012-11-23 09:09:35',1775,49.99,19.49,45591,1),(1776,'2012-11-23 09:16:20',1776,49.99,19.49,45594,1),(1777,'2012-11-23 09:21:14',1777,49.99,19.49,45611,1),(1778,'2012-11-23 09:33:56',1778,49.99,19.49,45649,1),(1779,'2012-11-23 09:36:25',1779,49.99,19.49,45668,1),(1780,'2012-11-23 09:39:09',1780,49.99,19.49,45681,1),(1781,'2012-11-23 09:58:10',1781,49.99,19.49,45718,1),(1782,'2012-11-23 10:12:04',1782,49.99,19.49,45758,1),(1783,'2012-11-23 10:18:13',1783,49.99,19.49,45772,1),(1784,'2012-11-23 10:23:32',1784,49.99,19.49,45845,1),(1785,'2012-11-23 10:29:26',1785,49.99,19.49,45858,1),(1786,'2012-11-23 10:31:54',1786,49.99,19.49,45868,1),(1787,'2012-11-23 10:33:01',1787,49.99,19.49,45889,1),(1788,'2012-11-23 10:42:25',1788,49.99,19.49,45884,1),(1789,'2012-11-23 10:43:07',1789,49.99,19.49,45903,1),(1790,'2012-11-23 11:02:41',1790,49.99,19.49,45976,1),(1791,'2012-11-23 11:10:41',1791,49.99,19.49,46001,1),(1792,'2012-11-23 11:15:37',1792,49.99,19.49,46030,1),(1793,'2012-11-23 11:17:31',1793,49.99,19.49,46025,1),(1794,'2012-11-23 11:23:34',1794,49.99,19.49,46038,1),(1795,'2012-11-23 11:23:35',1795,49.99,19.49,46045,1),(1796,'2012-11-23 11:25:34',1796,49.99,19.49,46032,1),(1797,'2012-11-23 11:29:12',1797,49.99,19.49,46063,1),(1798,'2012-11-23 11:33:39',1798,49.99,19.49,46087,1),(1799,'2012-11-23 12:00:22',1799,49.99,19.49,46172,1),(1800,'2012-11-23 12:16:42',1800,49.99,19.49,46237,1),(1801,'2012-11-23 12:21:40',1801,49.99,19.49,46242,1),(1802,'2012-11-23 12:25:38',1802,49.99,19.49,46261,1),(1803,'2012-11-23 12:25:55',1803,49.99,19.49,46250,1),(1804,'2012-11-23 12:28:09',1804,49.99,19.49,46258,1),(1805,'2012-11-23 12:29:04',1805,49.99,19.49,46257,1),(1806,'2012-11-23 12:32:56',1806,49.99,19.49,46300,1),(1807,'2012-11-23 12:34:16',1807,49.99,19.49,46288,1),(1808,'2012-11-23 12:36:03',1808,49.99,19.49,46284,1),(1809,'2012-11-23 12:44:14',1809,49.99,19.49,46320,1),(1810,'2012-11-23 12:51:39',1810,49.99,19.49,46336,1),(1811,'2012-11-23 12:52:22',1811,49.99,19.49,46321,1),(1812,'2012-11-23 13:10:29',1812,49.99,19.49,46413,1),(1813,'2012-11-23 13:18:13',1813,49.99,19.49,46431,1),(1814,'2012-11-23 13:18:59',1814,49.99,19.49,46437,1),(1815,'2012-11-23 13:24:41',1815,49.99,19.49,46458,1),(1816,'2012-11-23 13:24:49',1816,49.99,19.49,46438,1),(1817,'2012-11-23 13:25:11',1817,49.99,19.49,46465,1),(1818,'2012-11-23 13:25:47',1818,49.99,19.49,46451,1),(1819,'2012-11-23 13:28:29',1819,49.99,19.49,46472,1),(1820,'2012-11-23 13:29:24',1820,49.99,19.49,46459,1),(1821,'2012-11-23 13:36:59',1821,49.99,19.49,46519,1),(1822,'2012-11-23 13:43:29',1822,49.99,19.49,46524,1),(1823,'2012-11-23 13:44:05',1823,49.99,19.49,46526,1),(1824,'2012-11-23 13:45:20',1824,49.99,19.49,46514,1),(1825,'2012-11-23 13:46:59',1825,49.99,19.49,46521,1),(1826,'2012-11-23 14:27:07',1826,49.99,19.49,46677,1),(1827,'2012-11-23 14:34:56',1827,49.99,19.49,46696,1),(1828,'2012-11-23 14:38:29',1828,49.99,19.49,46712,1),(1829,'2012-11-23 14:41:11',1829,49.99,19.49,46717,1),(1830,'2012-11-23 15:01:31',1830,49.99,19.49,46807,1),(1831,'2012-11-23 15:12:37',1831,49.99,19.49,46843,1),(1832,'2012-11-23 15:29:33',1832,49.99,19.49,46874,1),(1833,'2012-11-23 15:33:01',1833,49.99,19.49,46907,1),(1834,'2012-11-23 15:33:44',1834,49.99,19.49,46898,1),(1835,'2012-11-23 15:40:11',1835,49.99,19.49,46950,1),(1836,'2012-11-23 15:41:23',1836,49.99,19.49,46945,1),(1837,'2012-11-23 15:42:26',1837,49.99,19.49,46955,1),(1838,'2012-11-23 15:45:24',1838,49.99,19.49,46979,1),(1839,'2012-11-23 16:00:40',1839,49.99,19.49,47015,1),(1840,'2012-11-23 16:02:03',1840,49.99,19.49,47028,1),(1841,'2012-11-23 16:08:43',1841,49.99,19.49,47027,1),(1842,'2012-11-23 16:10:56',1842,49.99,19.49,47068,1),(1843,'2012-11-23 16:11:42',1843,49.99,19.49,47050,1),(1844,'2012-11-23 16:15:01',1844,49.99,19.49,47056,1),(1845,'2012-11-23 16:19:38',1845,49.99,19.49,47081,1),(1846,'2012-11-23 16:27:41',1846,49.99,19.49,47117,1),(1847,'2012-11-23 16:54:08',1847,49.99,19.49,47174,1),(1848,'2012-11-23 16:57:24',1848,49.99,19.49,47214,1),(1849,'2012-11-23 16:57:48',1849,49.99,19.49,47200,1),(1850,'2012-11-23 17:04:31',1850,49.99,19.49,47227,1),(1851,'2012-11-23 17:10:30',1851,49.99,19.49,47252,1),(1852,'2012-11-23 17:19:54',1852,49.99,19.49,47266,1),(1853,'2012-11-23 17:27:22',1853,49.99,19.49,47289,1),(1854,'2012-11-23 17:35:45',1854,49.99,19.49,47310,1),(1855,'2012-11-23 17:42:15',1855,49.99,19.49,47334,1),(1856,'2012-11-23 17:47:07',1856,49.99,19.49,47352,1),(1857,'2012-11-23 17:52:33',1857,49.99,19.49,47378,1),(1858,'2012-11-23 17:58:11',1858,49.99,19.49,47373,1),(1859,'2012-11-23 18:05:29',1859,49.99,19.49,47399,1),(1860,'2012-11-23 18:15:04',1860,49.99,19.49,47433,1),(1861,'2012-11-23 18:15:30',1861,49.99,19.49,47416,1),(1862,'2012-11-23 18:26:14',1862,49.99,19.49,47469,1),(1863,'2012-11-23 18:27:47',1863,49.99,19.49,47494,1),(1864,'2012-11-23 18:31:20',1864,49.99,19.49,47481,1),(1865,'2012-11-23 18:37:50',1865,49.99,19.49,47509,1),(1866,'2012-11-23 18:52:43',1866,49.99,19.49,47546,1),(1867,'2012-11-23 18:57:25',1867,49.99,19.49,47558,1),(1868,'2012-11-23 19:01:33',1868,49.99,19.49,47562,1),(1869,'2012-11-23 19:05:56',1869,49.99,19.49,47571,1),(1870,'2012-11-23 19:36:00',1870,49.99,19.49,47650,1),(1871,'2012-11-23 19:37:52',1871,49.99,19.49,47652,1),(1872,'2012-11-23 19:40:51',1872,49.99,19.49,47661,1),(1873,'2012-11-23 19:57:44',1873,49.99,19.49,47706,1),(1874,'2012-11-23 20:04:00',1874,49.99,19.49,47725,1),(1875,'2012-11-23 20:10:04',1875,49.99,19.49,47732,1),(1876,'2012-11-23 20:41:12',1876,49.99,19.49,47798,1),(1877,'2012-11-23 20:47:19',1877,49.99,19.49,47807,1),(1878,'2012-11-23 20:57:12',1878,49.99,19.49,47821,1),(1879,'2012-11-23 21:04:21',1879,49.99,19.49,47848,1),(1880,'2012-11-23 21:14:14',1880,49.99,19.49,47865,1),(1881,'2012-11-23 21:31:55',1881,49.99,19.49,47895,1),(1882,'2012-11-23 21:38:21',1882,49.99,19.49,47906,1),(1883,'2012-11-23 22:00:23',1883,49.99,19.49,47963,1),(1884,'2012-11-23 22:01:02',1884,49.99,19.49,47960,1),(1885,'2012-11-23 22:06:27',1885,49.99,19.49,47979,1),(1886,'2012-11-23 22:08:33',1886,49.99,19.49,47967,1),(1887,'2012-11-23 22:14:08',1887,49.99,19.49,47999,1),(1888,'2012-11-23 22:21:32',1888,49.99,19.49,48010,1),(1889,'2012-11-23 22:26:19',1889,49.99,19.49,48002,1),(1890,'2012-11-23 23:00:21',1890,49.99,19.49,48065,1),(1891,'2012-11-23 23:06:30',1891,49.99,19.49,48075,1),(1892,'2012-11-23 23:11:17',1892,49.99,19.49,48089,1),(1893,'2012-11-23 23:23:42',1893,49.99,19.49,48111,1),(1894,'2012-11-23 23:39:51',1894,49.99,19.49,48143,1),(1895,'2012-11-23 23:44:08',1895,49.99,19.49,48132,1),(1896,'2012-11-23 23:46:31',1896,49.99,19.49,48151,1),(1897,'2012-11-23 23:58:53',1897,49.99,19.49,48176,1),(1898,'2012-11-24 00:04:13',1898,49.99,19.49,48184,1),(1899,'2012-11-24 00:04:39',1899,49.99,19.49,48190,1),(1900,'2012-11-24 00:14:01',1900,49.99,19.49,48198,1),(1901,'2012-11-24 00:18:04',1901,49.99,19.49,48199,1),(1902,'2012-11-24 01:23:28',1902,49.99,19.49,48210,1),(1903,'2012-11-24 09:31:09',1903,49.99,19.49,48253,1),(1904,'2012-11-24 10:33:22',1904,49.99,19.49,48262,1),(1905,'2012-11-24 12:16:21',1905,49.99,19.49,48274,1),(1906,'2012-11-24 14:12:58',1906,49.99,19.49,48288,1),(1907,'2012-11-24 18:11:16',1907,49.99,19.49,48335,1),(1908,'2012-11-24 20:23:22',1908,49.99,19.49,48346,1),(1909,'2012-11-24 23:54:53',1909,49.99,19.49,48372,1),(1910,'2012-11-25 13:01:05',1910,49.99,19.49,48428,1),(1911,'2012-11-25 14:24:12',1911,49.99,19.49,48437,1),(1912,'2012-11-25 15:57:43',1912,49.99,19.49,48449,1),(1913,'2012-11-25 20:16:10',1913,49.99,19.49,48481,1),(1914,'2012-11-25 21:24:10',1914,49.99,19.49,48499,1),(1915,'2012-11-25 22:58:49',1915,49.99,19.49,48516,1),(1916,'2012-11-26 00:15:44',1916,49.99,19.49,48532,1),(1917,'2012-11-26 00:35:36',1917,49.99,19.49,48558,1),(1918,'2012-11-26 00:54:59',1918,49.99,19.49,48575,1),(1919,'2012-11-26 01:13:08',1919,49.99,19.49,48593,1),(1920,'2012-11-26 01:13:25',1920,49.99,19.49,48590,1),(1921,'2012-11-26 01:18:31',1921,49.99,19.49,48604,1),(1922,'2012-11-26 01:32:03',1922,49.99,19.49,48607,1),(1923,'2012-11-26 02:34:27',1923,49.99,19.49,48670,1),(1924,'2012-11-26 02:47:41',1924,49.99,19.49,48685,1),(1925,'2012-11-26 03:26:22',1925,49.99,19.49,48719,1),(1926,'2012-11-26 04:11:08',1926,49.99,19.49,48750,1),(1927,'2012-11-26 04:28:39',1927,49.99,19.49,48768,1),(1928,'2012-11-26 06:29:50',1928,49.99,19.49,48860,1),(1929,'2012-11-26 06:35:36',1929,49.99,19.49,48872,1),(1930,'2012-11-26 07:15:07',1930,49.99,19.49,48898,1),(1931,'2012-11-26 07:22:08',1931,49.99,19.49,48902,1),(1932,'2012-11-26 07:38:43',1932,49.99,19.49,48921,1),(1933,'2012-11-26 08:00:07',1933,49.99,19.49,48936,1),(1934,'2012-11-26 08:17:59',1934,49.99,19.49,48963,1),(1935,'2012-11-26 08:49:50',1935,49.99,19.49,49013,1),(1936,'2012-11-26 08:52:39',1936,49.99,19.49,49028,1),(1937,'2012-11-26 08:56:07',1937,49.99,19.49,49019,1),(1938,'2012-11-26 09:00:37',1938,49.99,19.49,49030,1),(1939,'2012-11-26 09:19:31',1939,49.99,19.49,49053,1),(1940,'2012-11-26 09:33:55',1940,49.99,19.49,49091,1),(1941,'2012-11-26 09:43:51',1941,49.99,19.49,49100,1),(1942,'2012-11-26 09:47:34',1942,49.99,19.49,49131,1),(1943,'2012-11-26 10:04:38',1943,49.99,19.49,49164,1),(1944,'2012-11-26 10:33:44',1944,49.99,19.49,49227,1),(1945,'2012-11-26 10:56:09',1945,49.99,19.49,49297,1),(1946,'2012-11-26 10:56:19',1946,49.99,19.49,49288,1),(1947,'2012-11-26 11:11:14',1947,49.99,19.49,49355,1),(1948,'2012-11-26 11:11:52',1948,49.99,19.49,49332,1),(1949,'2012-11-26 11:29:09',1949,49.99,19.49,49391,1),(1950,'2012-11-26 11:31:15',1950,49.99,19.49,49373,1),(1951,'2012-11-26 11:36:36',1951,49.99,19.49,49380,1),(1952,'2012-11-26 11:51:02',1952,49.99,19.49,49464,1),(1953,'2012-11-26 11:51:45',1953,49.99,19.49,49458,1),(1954,'2012-11-26 11:52:50',1954,49.99,19.49,49480,1),(1955,'2012-11-26 12:15:37',1955,49.99,19.49,49519,1),(1956,'2012-11-26 12:26:47',1956,49.99,19.49,49565,1),(1957,'2012-11-26 12:43:34',1957,49.99,19.49,49621,1),(1958,'2012-11-26 13:16:39',1958,49.99,19.49,49697,1),(1959,'2012-11-26 13:25:58',1959,49.99,19.49,49719,1),(1960,'2012-11-26 13:27:25',1960,49.99,19.49,49741,1),(1961,'2012-11-26 13:45:33',1961,49.99,19.49,49787,1),(1962,'2012-11-26 13:45:34',1962,49.99,19.49,49788,1),(1963,'2012-11-26 13:59:06',1963,49.99,19.49,49839,1),(1964,'2012-11-26 14:02:01',1964,49.99,19.49,49856,1),(1965,'2012-11-26 14:02:55',1965,49.99,19.49,49844,1),(1966,'2012-11-26 14:05:51',1966,49.99,19.49,49880,1),(1967,'2012-11-26 14:14:42',1967,49.99,19.49,49886,1),(1968,'2012-11-26 14:15:18',1968,49.99,19.49,49884,1),(1969,'2012-11-26 14:18:51',1969,49.99,19.49,49902,1),(1970,'2012-11-26 14:30:24',1970,49.99,19.49,49937,1),(1971,'2012-11-26 14:48:46',1971,49.99,19.49,49978,1),(1972,'2012-11-26 15:18:48',1972,49.99,19.49,50064,1),(1973,'2012-11-26 15:23:59',1973,49.99,19.49,50080,1),(1974,'2012-11-26 15:25:23',1974,49.99,19.49,50087,1),(1975,'2012-11-26 15:30:44',1975,49.99,19.49,50102,1),(1976,'2012-11-26 15:50:52',1976,49.99,19.49,50166,1),(1977,'2012-11-26 15:55:10',1977,49.99,19.49,50174,1),(1978,'2012-11-26 16:01:53',1978,49.99,19.49,50171,1),(1979,'2012-11-26 16:07:43',1979,49.99,19.49,50209,1),(1980,'2012-11-26 16:15:42',1980,49.99,19.49,50205,1),(1981,'2012-11-26 16:18:40',1981,49.99,19.49,50244,1),(1982,'2012-11-26 16:23:29',1982,49.99,19.49,50242,1),(1983,'2012-11-26 16:34:14',1983,49.99,19.49,50278,1),(1984,'2012-11-26 16:44:05',1984,49.99,19.49,50312,1),(1985,'2012-11-26 16:49:42',1985,49.99,19.49,50340,1),(1986,'2012-11-26 16:50:16',1986,49.99,19.49,50304,1),(1987,'2012-11-26 16:55:27',1987,49.99,19.49,50362,1),(1988,'2012-11-26 17:09:37',1988,49.99,19.49,50391,1),(1989,'2012-11-26 17:12:20',1989,49.99,19.49,50381,1),(1990,'2012-11-26 17:22:11',1990,49.99,19.49,50407,1),(1991,'2012-11-26 17:33:05',1991,49.99,19.49,50453,1),(1992,'2012-11-26 17:35:01',1992,49.99,19.49,50450,1),(1993,'2012-11-26 17:45:58',1993,49.99,19.49,50489,1),(1994,'2012-11-26 17:46:09',1994,49.99,19.49,50471,1),(1995,'2012-11-26 17:48:12',1995,49.99,19.49,50483,1),(1996,'2012-11-26 17:58:41',1996,49.99,19.49,50495,1),(1997,'2012-11-26 18:27:52',1997,49.99,19.49,50569,1),(1998,'2012-11-26 18:33:08',1998,49.99,19.49,50575,1),(1999,'2012-11-26 18:33:50',1999,49.99,19.49,50589,1),(2000,'2012-11-26 18:42:51',2000,49.99,19.49,50612,1),(2001,'2012-11-26 18:48:10',2001,49.99,19.49,50614,1),(2002,'2012-11-26 19:14:01',2002,49.99,19.49,50663,1),(2003,'2012-11-26 19:18:40',2003,49.99,19.49,50654,1),(2004,'2012-11-26 19:22:49',2004,49.99,19.49,50681,1),(2005,'2012-11-26 19:31:15',2005,49.99,19.49,50702,1),(2006,'2012-11-26 20:14:22',2006,49.99,19.49,50765,1),(2007,'2012-11-26 20:30:02',2007,49.99,19.49,50801,1),(2008,'2012-11-26 20:37:29',2008,49.99,19.49,50811,1),(2009,'2012-11-26 20:55:19',2009,49.99,19.49,50824,1),(2010,'2012-11-26 20:57:23',2010,49.99,19.49,50829,1),(2011,'2012-11-26 20:58:09',2011,49.99,19.49,50832,1),(2012,'2012-11-26 21:10:45',2012,49.99,19.49,50857,1),(2013,'2012-11-26 21:35:39',2013,49.99,19.49,50885,1),(2014,'2012-11-26 21:45:59',2014,49.99,19.49,50923,1),(2015,'2012-11-26 22:07:03',2015,49.99,19.49,50969,1),(2016,'2012-11-26 22:08:45',2016,49.99,19.49,50974,1),(2017,'2012-11-26 22:12:05',2017,49.99,19.49,50975,1),(2018,'2012-11-26 22:15:22',2018,49.99,19.49,50990,1),(2019,'2012-11-26 22:18:07',2019,49.99,19.49,50976,1),(2020,'2012-11-26 22:39:12',2020,49.99,19.49,51010,1),(2021,'2012-11-26 23:01:45',2021,49.99,19.49,51033,1),(2022,'2012-11-26 23:09:24',2022,49.99,19.49,51049,1),(2023,'2012-11-26 23:50:14',2023,49.99,19.49,51105,1),(2024,'2012-11-27 08:16:54',2024,49.99,19.49,51180,1),(2025,'2012-11-27 10:53:41',2025,49.99,19.49,51230,1),(2026,'2012-11-27 11:51:30',2026,49.99,19.49,51253,1),(2027,'2012-11-27 11:56:34',2027,49.99,19.49,51259,1),(2028,'2012-11-27 12:07:30',2028,49.99,19.49,51264,1),(2029,'2012-11-27 13:06:48',2029,49.99,19.49,51288,1),(2030,'2012-11-27 13:24:38',2030,49.99,19.49,51289,1),(2031,'2012-11-27 13:28:34',2031,49.99,19.49,51290,1),(2032,'2012-11-27 15:43:06',2032,49.99,19.49,51336,1),(2033,'2012-11-27 16:16:20',2033,49.99,19.49,51352,1),(2034,'2012-11-27 16:46:00',2034,49.99,19.49,51366,1),(2035,'2012-11-27 18:22:38',2035,49.99,19.49,51391,1),(2036,'2012-11-27 21:18:33',2036,49.99,19.49,51424,1),(2037,'2012-11-27 21:27:45',2037,49.99,19.49,51428,1),(2038,'2012-11-28 03:02:00',2038,49.99,19.49,51481,1),(2039,'2012-11-28 03:23:33',2039,49.99,19.49,51484,1),(2040,'2012-11-28 08:04:47',2040,49.99,19.49,51513,1),(2041,'2012-11-28 10:56:12',2041,49.99,19.49,51562,1),(2042,'2012-11-28 12:34:24',2042,49.99,19.49,51601,1),(2043,'2012-11-28 12:43:39',2043,49.99,19.49,51608,1),(2044,'2012-11-28 13:31:34',2044,49.99,19.49,51623,1),(2045,'2012-11-28 14:49:37',2045,49.99,19.49,51645,1),(2046,'2012-11-28 14:56:15',2046,49.99,19.49,51647,1),(2047,'2012-11-28 16:08:46',2047,49.99,19.49,51673,1),(2048,'2012-11-28 16:39:35',2048,49.99,19.49,51684,1),(2049,'2012-11-28 17:37:02',2049,49.99,19.49,51697,1),(2050,'2012-11-28 20:30:55',2050,49.99,19.49,51737,1),(2051,'2012-11-29 00:46:16',2051,49.99,19.49,51792,1),(2052,'2012-11-29 06:00:34',2052,49.99,19.49,51811,1),(2053,'2012-11-29 06:23:42',2053,49.99,19.49,51814,1),(2054,'2012-11-29 09:28:38',2054,49.99,19.49,51848,1),(2055,'2012-11-29 11:16:53',2055,49.99,19.49,51879,1),(2056,'2012-11-29 11:22:18',2056,49.99,19.49,51885,1),(2057,'2012-11-29 14:26:51',2057,49.99,19.49,51962,1),(2058,'2012-11-29 15:13:34',2058,49.99,19.49,51977,1),(2059,'2012-11-29 15:46:13',2059,49.99,19.49,51994,1),(2060,'2012-11-29 16:22:52',2060,49.99,19.49,52008,1),(2061,'2012-11-29 17:41:39',2061,49.99,19.49,52040,1),(2062,'2012-11-29 21:37:00',2062,49.99,19.49,52086,1),(2063,'2012-11-30 00:56:57',2063,49.99,19.49,52120,1),(2064,'2012-11-30 01:26:56',2064,49.99,19.49,52125,1),(2065,'2012-11-30 02:14:39',2065,49.99,19.49,52128,1),(2066,'2012-11-30 10:11:21',2066,49.99,19.49,52187,1),(2067,'2012-11-30 12:36:22',2067,49.99,19.49,52233,1),(2068,'2012-11-30 14:35:49',2068,49.99,19.49,52277,1),(2069,'2012-11-30 14:49:57',2069,49.99,19.49,52286,1),(2070,'2012-11-30 14:51:34',2070,49.99,19.49,52285,1),(2071,'2012-11-30 15:48:25',2071,49.99,19.49,52308,1),(2072,'2012-11-30 16:08:04',2072,49.99,19.49,52312,1),(2073,'2012-11-30 16:20:49',2073,49.99,19.49,52319,1),(2074,'2012-11-30 16:31:59',2074,49.99,19.49,52325,1),(2075,'2012-11-30 16:56:00',2075,49.99,19.49,52331,1),(2076,'2012-11-30 16:58:37',2076,49.99,19.49,52335,1),(2077,'2012-11-30 20:38:41',2077,49.99,19.49,52380,1),(2078,'2012-11-30 21:28:39',2078,49.99,19.49,52384,1),(2079,'2012-11-30 21:39:48',2079,49.99,19.49,52385,1),(2080,'2012-11-30 21:47:00',2080,49.99,19.49,52388,1),(2081,'2012-12-01 02:23:29',2081,49.99,19.49,52409,1),(2082,'2012-12-01 05:01:21',2082,49.99,19.49,52420,1),(2083,'2012-12-01 10:43:09',2083,49.99,19.49,52447,1),(2084,'2012-12-01 10:47:33',2084,49.99,19.49,52451,1),(2085,'2012-12-01 14:25:45',2085,49.99,19.49,52489,1),(2086,'2012-12-01 21:45:15',2086,49.99,19.49,52531,1),(2087,'2012-12-01 21:57:56',2087,49.99,19.49,52534,1),(2088,'2012-12-01 23:46:25',2088,49.99,19.49,52543,1),(2089,'2012-12-02 07:27:14',2089,49.99,19.49,52573,1),(2090,'2012-12-02 07:40:09',2090,49.99,19.49,52574,1),(2091,'2012-12-02 08:58:12',2091,49.99,19.49,52581,1),(2092,'2012-12-02 09:43:38',2092,49.99,19.49,52590,1),(2093,'2012-12-02 12:35:58',2093,49.99,19.49,52628,1),(2094,'2012-12-02 15:17:53',2094,49.99,19.49,52652,1),(2095,'2012-12-02 17:23:11',2095,49.99,19.49,52674,1),(2096,'2012-12-02 17:51:56',2096,49.99,19.49,52677,1),(2097,'2012-12-02 19:12:43',2097,49.99,19.49,52698,1),(2098,'2012-12-02 23:40:37',2098,49.99,19.49,52745,1),(2099,'2012-12-03 00:07:42',2099,49.99,19.49,52751,1),(2100,'2012-12-03 01:16:07',2100,49.99,19.49,52768,1),(2101,'2012-12-03 02:29:41',2101,49.99,19.49,52781,1),(2102,'2012-12-03 02:45:21',2102,49.99,19.49,52785,1),(2103,'2012-12-03 05:30:35',2103,49.99,19.49,52811,1),(2104,'2012-12-03 06:21:14',2104,49.99,19.49,52824,1),(2105,'2012-12-03 08:39:04',2105,49.99,19.49,52847,1),(2106,'2012-12-03 09:04:34',2106,49.99,19.49,52856,1),(2107,'2012-12-03 11:13:44',2107,49.99,19.49,52909,1),(2108,'2012-12-03 11:32:26',2108,49.99,19.49,52916,1),(2109,'2012-12-03 11:54:21',2109,49.99,19.49,52924,1),(2110,'2012-12-03 12:53:48',2110,49.99,19.49,52957,1),(2111,'2012-12-03 13:00:09',2111,49.99,19.49,52956,1),(2112,'2012-12-03 13:08:43',2112,49.99,19.49,52969,1),(2113,'2012-12-03 13:29:05',2113,49.99,19.49,52980,1),(2114,'2012-12-03 16:26:42',2114,49.99,19.49,53059,1),(2115,'2012-12-03 16:38:02',2115,49.99,19.49,53066,1),(2116,'2012-12-03 17:03:06',2116,49.99,19.49,53073,1),(2117,'2012-12-03 18:15:32',2117,49.99,19.49,53105,1),(2118,'2012-12-03 18:24:59',2118,49.99,19.49,53111,1),(2119,'2012-12-03 18:53:31',2119,49.99,19.49,53127,1),(2120,'2012-12-03 18:55:15',2120,49.99,19.49,53128,1),(2121,'2012-12-03 18:57:56',2121,49.99,19.49,53126,1),(2122,'2012-12-03 21:28:48',2122,49.99,19.49,53167,1),(2123,'2012-12-03 22:44:24',2123,49.99,19.49,53189,1),(2124,'2012-12-04 00:07:02',2124,49.99,19.49,53207,1),(2125,'2012-12-04 01:04:00',2125,49.99,19.49,53214,1),(2126,'2012-12-04 01:33:06',2126,49.99,19.49,53220,1),(2127,'2012-12-04 02:49:11',2127,49.99,19.49,53226,1),(2128,'2012-12-04 03:00:38',2128,49.99,19.49,53227,1),(2129,'2012-12-04 05:04:56',2129,49.99,19.49,53235,1),(2130,'2012-12-04 08:08:10',2130,49.99,19.49,53270,1),(2131,'2012-12-04 09:13:06',2131,49.99,19.49,53287,1),(2132,'2012-12-04 12:19:53',2132,49.99,19.49,53377,1),(2133,'2012-12-04 12:42:30',2133,49.99,19.49,53392,1),(2134,'2012-12-04 12:49:48',2134,49.99,19.49,53396,1),(2135,'2012-12-04 14:27:45',2135,49.99,19.49,53452,1),(2136,'2012-12-04 14:43:01',2136,49.99,19.49,53462,1),(2137,'2012-12-04 15:04:53',2137,49.99,19.49,53470,1),(2138,'2012-12-04 15:46:28',2138,49.99,19.49,53505,1),(2139,'2012-12-04 17:17:37',2139,49.99,19.49,53536,1),(2140,'2012-12-04 17:20:44',2140,49.99,19.49,53541,1),(2141,'2012-12-04 17:23:14',2141,49.99,19.49,53538,1),(2142,'2012-12-04 17:24:32',2142,49.99,19.49,53534,1),(2143,'2012-12-04 17:24:59',2143,49.99,19.49,53540,1),(2144,'2012-12-04 18:14:34',2144,49.99,19.49,53560,1),(2145,'2012-12-04 19:09:43',2145,49.99,19.49,53585,1),(2146,'2012-12-04 19:14:20',2146,49.99,19.49,53586,1),(2147,'2012-12-04 19:15:51',2147,49.99,19.49,53587,1),(2148,'2012-12-04 19:19:18',2148,49.99,19.49,53588,1),(2149,'2012-12-04 19:41:31',2149,49.99,19.49,53597,1),(2150,'2012-12-04 20:27:53',2150,49.99,19.49,53609,1),(2151,'2012-12-04 21:31:32',2151,49.99,19.49,53628,1),(2152,'2012-12-04 22:21:47',2152,49.99,19.49,53644,1),(2153,'2012-12-04 22:35:50',2153,49.99,19.49,53651,1),(2154,'2012-12-05 02:33:28',2154,49.99,19.49,53686,1),(2155,'2012-12-05 08:16:57',2155,49.99,19.49,53725,1),(2156,'2012-12-05 09:04:32',2156,49.99,19.49,53740,1),(2157,'2012-12-05 09:28:09',2157,49.99,19.49,53748,1),(2158,'2012-12-05 09:59:02',2158,49.99,19.49,53767,1),(2159,'2012-12-05 11:22:04',2159,49.99,19.49,53817,1),(2160,'2012-12-05 11:41:53',2160,49.99,19.49,53826,1),(2161,'2012-12-05 12:04:55',2161,49.99,19.49,53836,1),(2162,'2012-12-05 12:07:35',2162,49.99,19.49,53846,1),(2163,'2012-12-05 12:19:48',2163,49.99,19.49,53849,1),(2164,'2012-12-05 13:25:27',2164,49.99,19.49,53881,1),(2165,'2012-12-05 13:53:06',2165,49.99,19.49,53900,1),(2166,'2012-12-05 14:19:02',2166,49.99,19.49,53913,1),(2167,'2012-12-05 15:21:27',2167,49.99,19.49,53955,1),(2168,'2012-12-05 15:32:26',2168,49.99,19.49,53958,1),(2169,'2012-12-05 16:03:34',2169,49.99,19.49,53977,1),(2170,'2012-12-05 16:08:05',2170,49.99,19.49,53979,1),(2171,'2012-12-05 17:05:37',2171,49.99,19.49,54006,1),(2172,'2012-12-05 17:33:26',2172,49.99,19.49,54018,1),(2173,'2012-12-05 17:38:09',2173,49.99,19.49,54027,1),(2174,'2012-12-05 20:07:57',2174,49.99,19.49,54087,1),(2175,'2012-12-05 20:43:24',2175,49.99,19.49,54102,1),(2176,'2012-12-05 20:55:41',2176,49.99,19.49,54105,1),(2177,'2012-12-06 02:24:46',2177,49.99,19.49,54165,1),(2178,'2012-12-06 04:06:36',2178,49.99,19.49,54176,1),(2179,'2012-12-06 04:57:38',2179,49.99,19.49,54183,1),(2180,'2012-12-06 05:08:27',2180,49.99,19.49,54184,1),(2181,'2012-12-06 09:18:49',2181,49.99,19.49,54233,1),(2182,'2012-12-06 09:29:11',2182,49.99,19.49,54240,1),(2183,'2012-12-06 10:49:34',2183,49.99,19.49,54282,1),(2184,'2012-12-06 11:41:38',2184,49.99,19.49,54310,1),(2185,'2012-12-06 11:55:16',2185,49.99,19.49,54318,1),(2186,'2012-12-06 13:21:49',2186,49.99,19.49,54371,1),(2187,'2012-12-06 13:42:35',2187,49.99,19.49,54380,1),(2188,'2012-12-06 13:56:45',2188,49.99,19.49,54390,1),(2189,'2012-12-06 14:26:19',2189,49.99,19.49,54408,1),(2190,'2012-12-06 14:27:04',2190,49.99,19.49,54409,1),(2191,'2012-12-06 14:51:25',2191,49.99,19.49,54420,1),(2192,'2012-12-06 14:55:57',2192,49.99,19.49,54432,1),(2193,'2012-12-06 15:27:19',2193,49.99,19.49,54442,1),(2194,'2012-12-06 15:44:35',2194,49.99,19.49,54458,1),(2195,'2012-12-06 17:06:46',2195,49.99,19.49,54507,1),(2196,'2012-12-06 17:45:43',2196,49.99,19.49,54522,1),(2197,'2012-12-06 17:57:47',2197,49.99,19.49,54531,1),(2198,'2012-12-06 18:38:58',2198,49.99,19.49,54559,1),(2199,'2012-12-06 19:35:08',2199,49.99,19.49,54583,1),(2200,'2012-12-06 21:15:12',2200,49.99,19.49,54609,1),(2201,'2012-12-06 21:25:39',2201,49.99,19.49,54616,1),(2202,'2012-12-06 21:27:35',2202,49.99,19.49,54617,1),(2203,'2012-12-06 22:00:34',2203,49.99,19.49,54624,1),(2204,'2012-12-06 22:10:48',2204,49.99,19.49,54629,1),(2205,'2012-12-07 00:10:56',2205,49.99,19.49,54665,1),(2206,'2012-12-07 00:21:25',2206,49.99,19.49,54667,1),(2207,'2012-12-07 01:28:48',2207,49.99,19.49,54680,1),(2208,'2012-12-07 03:12:27',2208,49.99,19.49,54695,1),(2209,'2012-12-07 03:49:43',2209,49.99,19.49,54697,1),(2210,'2012-12-07 08:59:50',2210,49.99,19.49,54740,1),(2211,'2012-12-07 11:01:10',2211,49.99,19.49,54803,1),(2212,'2012-12-07 11:13:05',2212,49.99,19.49,54807,1),(2213,'2012-12-07 11:15:14',2213,49.99,19.49,54810,1),(2214,'2012-12-07 11:27:24',2214,49.99,19.49,54815,1),(2215,'2012-12-07 12:13:49',2215,49.99,19.49,54845,1),(2216,'2012-12-07 13:55:47',2216,49.99,19.49,54900,1),(2217,'2012-12-07 14:26:37',2217,49.99,19.49,54911,1),(2218,'2012-12-07 15:26:59',2218,49.99,19.49,54933,1),(2219,'2012-12-07 16:03:29',2219,49.99,19.49,54955,1),(2220,'2012-12-07 18:13:44',2220,49.99,19.49,55009,1),(2221,'2012-12-07 20:00:19',2221,49.99,19.49,55033,1),(2222,'2012-12-07 22:53:52',2222,49.99,19.49,55064,1),(2223,'2012-12-08 00:05:35',2223,49.99,19.49,55075,1),(2224,'2012-12-08 06:37:26',2224,49.99,19.49,55113,1),(2225,'2012-12-08 11:29:41',2225,49.99,19.49,55152,1),(2226,'2012-12-08 11:38:30',2226,49.99,19.49,55156,1),(2227,'2012-12-08 12:29:25',2227,49.99,19.49,55165,1),(2228,'2012-12-08 15:12:14',2228,49.99,19.49,55189,1),(2229,'2012-12-08 15:37:39',2229,49.99,19.49,55198,1),(2230,'2012-12-08 18:36:09',2230,49.99,19.49,55226,1),(2231,'2012-12-08 19:02:02',2231,49.99,19.49,55229,1),(2232,'2012-12-08 21:03:28',2232,49.99,19.49,55252,1),(2233,'2012-12-08 21:37:04',2233,49.99,19.49,55256,1),(2234,'2012-12-09 04:25:43',2234,49.99,19.49,55293,1),(2235,'2012-12-09 07:19:42',2235,49.99,19.49,55307,1),(2236,'2012-12-09 10:35:34',2236,49.99,19.49,55331,1),(2237,'2012-12-09 12:35:54',2237,49.99,19.49,55353,1),(2238,'2012-12-09 18:30:05',2238,49.99,19.49,55410,1),(2239,'2012-12-09 21:18:14',2239,49.99,19.49,55435,1),(2240,'2012-12-09 21:27:51',2240,49.99,19.49,55442,1),(2241,'2012-12-09 21:56:23',2241,49.99,19.49,55449,1),(2242,'2012-12-09 23:40:18',2242,49.99,19.49,55464,1),(2243,'2012-12-10 00:22:07',2243,49.99,19.49,55475,1),(2244,'2012-12-10 08:32:34',2244,49.99,19.49,55531,1),(2245,'2012-12-10 08:49:44',2245,49.99,19.49,55533,1),(2246,'2012-12-10 09:47:17',2246,49.99,19.49,55551,1),(2247,'2012-12-10 10:20:57',2247,49.99,19.49,55561,1),(2248,'2012-12-10 10:53:01',2248,49.99,19.49,55572,1),(2249,'2012-12-10 11:35:44',2249,49.99,19.49,55591,1),(2250,'2012-12-10 11:56:24',2250,49.99,19.49,55596,1),(2251,'2012-12-10 11:59:56',2251,49.99,19.49,55602,1),(2252,'2012-12-10 12:08:22',2252,49.99,19.49,55603,1),(2253,'2012-12-10 12:30:43',2253,49.99,19.49,55617,1),(2254,'2012-12-10 12:35:03',2254,49.99,19.49,55619,1),(2255,'2012-12-10 14:16:37',2255,49.99,19.49,55666,1),(2256,'2012-12-10 14:47:28',2256,49.99,19.49,55678,1),(2257,'2012-12-10 15:42:34',2257,49.99,19.49,55698,1),(2258,'2012-12-10 16:00:36',2258,49.99,19.49,55703,1),(2259,'2012-12-10 16:28:18',2259,49.99,19.49,55714,1),(2260,'2012-12-10 17:50:47',2260,49.99,19.49,55740,1),(2261,'2012-12-10 18:25:16',2261,49.99,19.49,55758,1),(2262,'2012-12-10 19:38:35',2262,49.99,19.49,55789,1),(2263,'2012-12-10 21:18:20',2263,49.99,19.49,55816,1),(2264,'2012-12-11 02:26:07',2264,49.99,19.49,55867,1),(2265,'2012-12-11 07:26:33',2265,49.99,19.49,55903,1),(2266,'2012-12-11 08:12:24',2266,49.99,19.49,55910,1),(2267,'2012-12-11 09:19:34',2267,49.99,19.49,55930,1),(2268,'2012-12-11 09:54:21',2268,49.99,19.49,55951,1),(2269,'2012-12-11 12:24:32',2269,49.99,19.49,56012,1),(2270,'2012-12-11 13:37:27',2270,49.99,19.49,56041,1),(2271,'2012-12-11 14:08:43',2271,49.99,19.49,56064,1),(2272,'2012-12-11 14:13:19',2272,49.99,19.49,56066,1),(2273,'2012-12-11 14:52:05',2273,49.99,19.49,56085,1),(2274,'2012-12-11 15:22:42',2274,49.99,19.49,56105,1),(2275,'2012-12-11 15:30:41',2275,49.99,19.49,56106,1),(2276,'2012-12-11 15:35:17',2276,49.99,19.49,56111,1),(2277,'2012-12-11 15:50:21',2277,49.99,19.49,56116,1),(2278,'2012-12-11 16:17:19',2278,49.99,19.49,56128,1),(2279,'2012-12-11 16:21:16',2279,49.99,19.49,56131,1),(2280,'2012-12-11 16:48:27',2280,49.99,19.49,56147,1),(2281,'2012-12-11 16:52:45',2281,49.99,19.49,56154,1),(2282,'2012-12-11 17:04:49',2282,49.99,19.49,56155,1),(2283,'2012-12-11 18:23:09',2283,49.99,19.49,56181,1),(2284,'2012-12-11 18:33:51',2284,49.99,19.49,56186,1),(2285,'2012-12-11 18:54:40',2285,49.99,19.49,56194,1),(2286,'2012-12-11 21:25:44',2286,49.99,19.49,56244,1),(2287,'2012-12-11 21:26:40',2287,49.99,19.49,56243,1),(2288,'2012-12-11 23:58:19',2288,49.99,19.49,56278,1),(2289,'2012-12-12 00:05:59',2289,49.99,19.49,56281,1),(2290,'2012-12-12 07:02:05',2290,49.99,19.49,56318,1),(2291,'2012-12-12 07:51:03',2291,49.99,19.49,56324,1),(2292,'2012-12-12 09:54:17',2292,49.99,19.49,56363,1),(2293,'2012-12-12 10:16:07',2293,49.99,19.49,56375,1),(2294,'2012-12-12 11:13:04',2294,49.99,19.49,56403,1),(2295,'2012-12-12 11:32:27',2295,49.99,19.49,56416,1),(2296,'2012-12-12 11:48:25',2296,49.99,19.49,56422,1),(2297,'2012-12-12 11:49:34',2297,49.99,19.49,56423,1),(2298,'2012-12-12 12:37:25',2298,49.99,19.49,56441,1),(2299,'2012-12-12 12:51:40',2299,49.99,19.49,56446,1),(2300,'2012-12-12 13:32:20',2300,49.99,19.49,56473,1),(2301,'2012-12-12 15:10:01',2301,49.99,19.49,56516,1),(2302,'2012-12-12 16:52:14',2302,49.99,19.49,56572,1),(2303,'2012-12-12 17:12:30',2303,49.99,19.49,56578,1),(2304,'2012-12-12 17:32:19',2304,49.99,19.49,56594,1),(2305,'2012-12-12 18:14:01',2305,49.99,19.49,56609,1),(2306,'2012-12-12 18:28:34',2306,49.99,19.49,56620,1),(2307,'2012-12-12 19:10:37',2307,49.99,19.49,56644,1),(2308,'2012-12-12 19:39:03',2308,49.99,19.49,56655,1),(2309,'2012-12-12 21:36:49',2309,49.99,19.49,56691,1),(2310,'2012-12-12 23:08:09',2310,49.99,19.49,56716,1),(2311,'2012-12-13 00:29:05',2311,49.99,19.49,56731,1),(2312,'2012-12-13 00:40:28',2312,49.99,19.49,56737,1),(2313,'2012-12-13 00:40:45',2313,49.99,19.49,56736,1),(2314,'2012-12-13 01:49:32',2314,49.99,19.49,56751,1),(2315,'2012-12-13 03:33:14',2315,49.99,19.49,56764,1),(2316,'2012-12-13 06:23:05',2316,49.99,19.49,56787,1),(2317,'2012-12-13 11:09:13',2317,49.99,19.49,56864,1),(2318,'2012-12-13 11:54:32',2318,49.99,19.49,56878,1),(2319,'2012-12-13 12:19:20',2319,49.99,19.49,56893,1),(2320,'2012-12-13 12:31:22',2320,49.99,19.49,56905,1),(2321,'2012-12-13 12:54:15',2321,49.99,19.49,56913,1),(2322,'2012-12-13 14:31:11',2322,49.99,19.49,56957,1),(2323,'2012-12-13 16:48:11',2323,49.99,19.49,57020,1),(2324,'2012-12-13 17:28:22',2324,49.99,19.49,57038,1),(2325,'2012-12-13 17:37:42',2325,49.99,19.49,57042,1),(2326,'2012-12-13 19:16:05',2326,49.99,19.49,57076,1),(2327,'2012-12-13 20:46:44',2327,49.99,19.49,57103,1),(2328,'2012-12-13 21:52:12',2328,49.99,19.49,57118,1),(2329,'2012-12-13 22:17:51',2329,49.99,19.49,57131,1),(2330,'2012-12-14 02:25:21',2330,49.99,19.49,57181,1),(2331,'2012-12-14 04:17:25',2331,49.99,19.49,57187,1),(2332,'2012-12-14 04:49:23',2332,49.99,19.49,57191,1),(2333,'2012-12-14 05:14:45',2333,49.99,19.49,57194,1),(2334,'2012-12-14 09:41:39',2334,49.99,19.49,57252,1),(2335,'2012-12-14 10:32:34',2335,49.99,19.49,57272,1),(2336,'2012-12-14 10:41:03',2336,49.99,19.49,57279,1),(2337,'2012-12-14 10:55:13',2337,49.99,19.49,57290,1),(2338,'2012-12-14 11:34:06',2338,49.99,19.49,57308,1),(2339,'2012-12-14 11:45:24',2339,49.99,19.49,57315,1),(2340,'2012-12-14 11:56:24',2340,49.99,19.49,57318,1),(2341,'2012-12-14 12:03:13',2341,49.99,19.49,57320,1),(2342,'2012-12-14 12:13:10',2342,49.99,19.49,57327,1),(2343,'2012-12-14 12:27:38',2343,49.99,19.49,57336,1),(2344,'2012-12-14 14:10:24',2344,49.99,19.49,57378,1),(2345,'2012-12-14 15:19:51',2345,49.99,19.49,57406,1),(2346,'2012-12-14 15:54:36',2346,49.99,19.49,57416,1),(2347,'2012-12-14 16:44:18',2347,49.99,19.49,57445,1),(2348,'2012-12-14 17:13:50',2348,49.99,19.49,57457,1),(2349,'2012-12-14 17:19:16',2349,49.99,19.49,57462,1),(2350,'2012-12-14 17:53:51',2350,49.99,19.49,57473,1),(2351,'2012-12-14 19:10:38',2351,49.99,19.49,57498,1),(2352,'2012-12-14 22:07:49',2352,49.99,19.49,57530,1),(2353,'2012-12-15 00:40:49',2353,49.99,19.49,57554,1),(2354,'2012-12-15 06:36:26',2354,49.99,19.49,57590,1),(2355,'2012-12-15 12:28:44',2355,49.99,19.49,57641,1),(2356,'2012-12-15 14:47:54',2356,49.99,19.49,57673,1),(2357,'2012-12-16 07:52:32',2357,49.99,19.49,57790,1),(2358,'2012-12-16 08:04:54',2358,49.99,19.49,57793,1),(2359,'2012-12-16 08:55:58',2359,49.99,19.49,57804,1),(2360,'2012-12-16 14:05:33',2360,49.99,19.49,57845,1),(2361,'2012-12-16 16:59:31',2361,49.99,19.49,57879,1),(2362,'2012-12-16 18:16:37',2362,49.99,19.49,57896,1),(2363,'2012-12-16 18:45:00',2363,49.99,19.49,57901,1),(2364,'2012-12-16 22:20:23',2364,49.99,19.49,57939,1),(2365,'2012-12-16 22:37:58',2365,49.99,19.49,57942,1),(2366,'2012-12-17 00:15:55',2366,49.99,19.49,57965,1),(2367,'2012-12-17 06:15:22',2367,49.99,19.49,58028,1),(2368,'2012-12-17 06:31:39',2368,49.99,19.49,58029,1),(2369,'2012-12-17 08:32:57',2369,49.99,19.49,58047,1),(2370,'2012-12-17 10:10:00',2370,49.99,19.49,58097,1),(2371,'2012-12-17 11:12:03',2371,49.99,19.49,58113,1),(2372,'2012-12-17 11:44:12',2372,49.99,19.49,58123,1),(2373,'2012-12-17 15:07:26',2373,49.99,19.49,58206,1),(2374,'2012-12-17 15:13:19',2374,49.99,19.49,58211,1),(2375,'2012-12-17 15:34:45',2375,49.99,19.49,58227,1),(2376,'2012-12-17 15:35:54',2376,49.99,19.49,58229,1),(2377,'2012-12-17 15:38:22',2377,49.99,19.49,58232,1),(2378,'2012-12-17 16:01:22',2378,49.99,19.49,58244,1),(2379,'2012-12-17 17:44:19',2379,49.99,19.49,58298,1),(2380,'2012-12-17 17:55:19',2380,49.99,19.49,58305,1),(2381,'2012-12-17 18:17:54',2381,49.99,19.49,58316,1),(2382,'2012-12-17 18:40:28',2382,49.99,19.49,58325,1),(2383,'2012-12-17 20:34:57',2383,49.99,19.49,58359,1),(2384,'2012-12-17 20:37:55',2384,49.99,19.49,58362,1),(2385,'2012-12-17 20:52:41',2385,49.99,19.49,58363,1),(2386,'2012-12-17 22:01:36',2386,49.99,19.49,58380,1),(2387,'2012-12-18 01:16:49',2387,49.99,19.49,58418,1),(2388,'2012-12-18 02:19:27',2388,49.99,19.49,58439,1),(2389,'2012-12-18 03:03:00',2389,49.99,19.49,58444,1),(2390,'2012-12-18 07:49:15',2390,49.99,19.49,58482,1),(2391,'2012-12-18 08:39:11',2391,49.99,19.49,58500,1),(2392,'2012-12-18 09:37:14',2392,49.99,19.49,58517,1),(2393,'2012-12-18 10:42:24',2393,49.99,19.49,58551,1),(2394,'2012-12-18 10:50:08',2394,49.99,19.49,58552,1),(2395,'2012-12-18 11:35:38',2395,49.99,19.49,58569,1),(2396,'2012-12-18 12:47:24',2396,49.99,19.49,58621,1),(2397,'2012-12-18 13:07:46',2397,49.99,19.49,58627,1),(2398,'2012-12-18 13:09:17',2398,49.99,19.49,58631,1),(2399,'2012-12-18 13:58:17',2399,49.99,19.49,58657,1),(2400,'2012-12-18 15:47:15',2400,49.99,19.49,58697,1),(2401,'2012-12-18 16:26:34',2401,49.99,19.49,58714,1),(2402,'2012-12-18 18:36:45',2402,49.99,19.49,58769,1),(2403,'2012-12-18 19:21:33',2403,49.99,19.49,58783,1),(2404,'2012-12-18 19:30:40',2404,49.99,19.49,58784,1),(2405,'2012-12-18 19:33:15',2405,49.99,19.49,58785,1),(2406,'2012-12-18 19:50:28',2406,49.99,19.49,58790,1),(2407,'2012-12-18 20:34:38',2407,49.99,19.49,58801,1),(2408,'2012-12-18 20:47:37',2408,49.99,19.49,58804,1),(2409,'2012-12-18 21:07:37',2409,49.99,19.49,58813,1),(2410,'2012-12-18 22:34:25',2410,49.99,19.49,58828,1),(2411,'2012-12-18 23:44:54',2411,49.99,19.49,58848,1),(2412,'2012-12-19 03:08:25',2412,49.99,19.49,58891,1),(2413,'2012-12-19 07:37:19',2413,49.99,19.49,58930,1),(2414,'2012-12-19 08:45:35',2414,49.99,19.49,58951,1),(2415,'2012-12-19 09:03:24',2415,49.99,19.49,58956,1),(2416,'2012-12-19 09:15:30',2416,49.99,19.49,58961,1),(2417,'2012-12-19 10:12:04',2417,49.99,19.49,58992,1),(2418,'2012-12-19 11:00:33',2418,49.99,19.49,59026,1),(2419,'2012-12-19 11:24:57',2419,49.99,19.49,59038,1),(2420,'2012-12-19 11:50:21',2420,49.99,19.49,59064,1),(2421,'2012-12-19 12:04:37',2421,49.99,19.49,59077,1),(2422,'2012-12-19 12:20:40',2422,49.99,19.49,59088,1),(2423,'2012-12-19 12:43:13',2423,49.99,19.49,59108,1),(2424,'2012-12-19 13:00:53',2424,49.99,19.49,59120,1),(2425,'2012-12-19 13:37:15',2425,49.99,19.49,59135,1),(2426,'2012-12-19 14:30:14',2426,49.99,19.49,59160,1),(2427,'2012-12-19 15:10:10',2427,49.99,19.49,59178,1),(2428,'2012-12-19 15:46:46',2428,49.99,19.49,59194,1),(2429,'2012-12-19 16:01:27',2429,49.99,19.49,59205,1),(2430,'2012-12-19 16:18:26',2430,49.99,19.49,59223,1),(2431,'2012-12-19 16:19:36',2431,49.99,19.49,59216,1),(2432,'2012-12-19 16:53:42',2432,49.99,19.49,59229,1),(2433,'2012-12-19 17:11:12',2433,49.99,19.49,59245,1),(2434,'2012-12-19 17:38:24',2434,49.99,19.49,59258,1),(2435,'2012-12-19 18:04:45',2435,49.99,19.49,59268,1),(2436,'2012-12-19 20:37:15',2436,49.99,19.49,59319,1),(2437,'2012-12-19 21:43:32',2437,49.99,19.49,59332,1),(2438,'2012-12-19 21:43:32',2438,49.99,19.49,59333,1),(2439,'2012-12-19 22:01:21',2439,49.99,19.49,59339,1),(2440,'2012-12-20 00:47:19',2440,49.99,19.49,59368,1),(2441,'2012-12-20 01:57:33',2441,49.99,19.49,59376,1),(2442,'2012-12-20 03:20:33',2442,49.99,19.49,59388,1),(2443,'2012-12-20 04:16:56',2443,49.99,19.49,59395,1),(2444,'2012-12-20 11:24:38',2444,49.99,19.49,59502,1),(2445,'2012-12-20 11:36:29',2445,49.99,19.49,59508,1),(2446,'2012-12-20 12:05:00',2446,49.99,19.49,59527,1),(2447,'2012-12-20 12:07:12',2447,49.99,19.49,59529,1),(2448,'2012-12-20 12:20:23',2448,49.99,19.49,59533,1),(2449,'2012-12-20 12:30:50',2449,49.99,19.49,59542,1),(2450,'2012-12-20 12:40:06',2450,49.99,19.49,59545,1),(2451,'2012-12-20 14:20:05',2451,49.99,19.49,59607,1),(2452,'2012-12-20 15:14:40',2452,49.99,19.49,59648,1),(2453,'2012-12-20 15:43:54',2453,49.99,19.49,59657,1),(2454,'2012-12-20 15:59:28',2454,49.99,19.49,59666,1),(2455,'2012-12-20 16:33:56',2455,49.99,19.49,59689,1),(2456,'2012-12-20 17:17:05',2456,49.99,19.49,59714,1),(2457,'2012-12-20 18:49:49',2457,49.99,19.49,59741,1),(2458,'2012-12-20 19:19:14',2458,49.99,19.49,59750,1),(2459,'2012-12-20 21:29:26',2459,49.99,19.49,59776,1),(2460,'2012-12-20 21:39:55',2460,49.99,19.49,59782,1),(2461,'2012-12-20 22:39:59',2461,49.99,19.49,59803,1),(2462,'2012-12-21 03:25:29',2462,49.99,19.49,59847,1),(2463,'2012-12-21 03:42:30',2463,49.99,19.49,59848,1),(2464,'2012-12-21 06:45:00',2464,49.99,19.49,59877,1),(2465,'2012-12-21 06:58:17',2465,49.99,19.49,59879,1),(2466,'2012-12-21 08:04:17',2466,49.99,19.49,59892,1),(2467,'2012-12-21 08:14:20',2467,49.99,19.49,59896,1),(2468,'2012-12-21 09:14:39',2468,49.99,19.49,59915,1),(2469,'2012-12-21 09:28:26',2469,49.99,19.49,59920,1),(2470,'2012-12-21 10:57:21',2470,49.99,19.49,59958,1),(2471,'2012-12-21 12:49:53',2471,49.99,19.49,60011,1),(2472,'2012-12-21 13:56:26',2472,49.99,19.49,60033,1),(2473,'2012-12-21 14:38:33',2473,49.99,19.49,60058,1),(2474,'2012-12-21 15:25:25',2474,49.99,19.49,60086,1),(2475,'2012-12-21 15:49:48',2475,49.99,19.49,60098,1),(2476,'2012-12-21 15:56:42',2476,49.99,19.49,60101,1),(2477,'2012-12-21 16:13:55',2477,49.99,19.49,60110,1),(2478,'2012-12-21 18:07:00',2478,49.99,19.49,60168,1),(2479,'2012-12-21 18:07:54',2479,49.99,19.49,60170,1),(2480,'2012-12-21 19:22:24',2480,49.99,19.49,60193,1),(2481,'2012-12-21 20:50:48',2481,49.99,19.49,60221,1),(2482,'2012-12-21 22:47:42',2482,49.99,19.49,60242,1),(2483,'2012-12-22 01:20:44',2483,49.99,19.49,60272,1),(2484,'2012-12-22 06:10:31',2484,49.99,19.49,60304,1),(2485,'2012-12-22 06:12:32',2485,49.99,19.49,60305,1),(2486,'2012-12-22 06:56:16',2486,49.99,19.49,60312,1),(2487,'2012-12-22 11:35:29',2487,49.99,19.49,60353,1),(2488,'2012-12-22 12:25:43',2488,49.99,19.49,60361,1),(2489,'2012-12-22 14:38:50',2489,49.99,19.49,60396,1),(2490,'2012-12-22 18:11:52',2490,49.99,19.49,60441,1),(2491,'2012-12-22 20:13:22',2491,49.99,19.49,60453,1),(2492,'2012-12-23 10:50:15',2492,49.99,19.49,60516,1),(2493,'2012-12-23 11:53:12',2493,49.99,19.49,60521,1),(2494,'2012-12-23 12:30:40',2494,49.99,19.49,60524,1),(2495,'2012-12-23 17:42:52',2495,49.99,19.49,60570,1),(2496,'2012-12-23 20:07:46',2496,49.99,19.49,60587,1),(2497,'2012-12-23 22:36:21',2497,49.99,19.49,60607,1),(2498,'2012-12-24 00:06:45',2498,49.99,19.49,60618,1),(2499,'2012-12-24 00:23:41',2499,49.99,19.49,60620,1),(2500,'2012-12-24 00:52:04',2500,49.99,19.49,60622,1),(2501,'2012-12-24 02:42:33',2501,49.99,19.49,60632,1),(2502,'2012-12-24 04:51:33',2502,49.99,19.49,60646,1),(2503,'2012-12-24 05:07:30',2503,49.99,19.49,60647,1),(2504,'2012-12-24 09:00:37',2504,49.99,19.49,60677,1),(2505,'2012-12-24 15:25:22',2505,49.99,19.49,60781,1),(2506,'2012-12-24 16:31:12',2506,49.99,19.49,60793,1),(2507,'2012-12-24 16:40:09',2507,49.99,19.49,60798,1),(2508,'2012-12-24 17:28:22',2508,49.99,19.49,60811,1),(2509,'2012-12-24 18:02:46',2509,49.99,19.49,60826,1),(2510,'2012-12-24 18:27:19',2510,49.99,19.49,60833,1),(2511,'2012-12-24 19:45:37',2511,49.99,19.49,60856,1),(2512,'2012-12-25 00:13:53',2512,49.99,19.49,60898,1),(2513,'2012-12-25 08:03:57',2513,49.99,19.49,60928,1),(2514,'2012-12-25 09:58:28',2514,49.99,19.49,60948,1),(2515,'2012-12-25 11:42:22',2515,49.99,19.49,60973,1),(2516,'2012-12-25 12:45:59',2516,49.99,19.49,60993,1),(2517,'2012-12-25 13:32:21',2517,49.99,19.49,61011,1),(2518,'2012-12-25 13:49:36',2518,49.99,19.49,61019,1),(2519,'2012-12-25 14:12:10',2519,49.99,19.49,61026,1),(2520,'2012-12-25 14:56:12',2520,49.99,19.49,61035,1),(2521,'2012-12-25 15:16:39',2521,49.99,19.49,61039,1),(2522,'2012-12-25 16:51:15',2522,49.99,19.49,61060,1),(2523,'2012-12-25 17:05:34',2523,49.99,19.49,61061,1),(2524,'2012-12-26 01:30:32',2524,49.99,19.49,61141,1),(2525,'2012-12-26 02:47:46',2525,49.99,19.49,61145,1),(2526,'2012-12-26 06:48:40',2526,49.99,19.49,61163,1),(2527,'2012-12-26 07:42:41',2527,49.99,19.49,61174,1),(2528,'2012-12-26 12:10:39',2528,49.99,19.49,61252,1),(2529,'2012-12-26 12:34:48',2529,49.99,19.49,61261,1),(2530,'2012-12-26 13:30:57',2530,49.99,19.49,61277,1),(2531,'2012-12-26 15:10:26',2531,49.99,19.49,61305,1),(2532,'2012-12-26 16:38:02',2532,49.99,19.49,61349,1),(2533,'2012-12-26 19:29:32',2533,49.99,19.49,61388,1),(2534,'2012-12-27 08:25:36',2534,49.99,19.49,61473,1),(2535,'2012-12-27 11:04:15',2535,49.99,19.49,61518,1),(2536,'2012-12-27 11:06:21',2536,49.99,19.49,61514,1),(2537,'2012-12-27 12:06:57',2537,49.99,19.49,61536,1),(2538,'2012-12-27 12:16:17',2538,49.99,19.49,61542,1),(2539,'2012-12-27 12:18:41',2539,49.99,19.49,61543,1),(2540,'2012-12-27 12:23:06',2540,49.99,19.49,61539,1),(2541,'2012-12-27 15:28:59',2541,49.99,19.49,61620,1),(2542,'2012-12-27 15:47:20',2542,49.99,19.49,61629,1),(2543,'2012-12-27 16:45:31',2543,49.99,19.49,61650,1),(2544,'2012-12-27 17:35:05',2544,49.99,19.49,61666,1),(2545,'2012-12-27 18:25:42',2545,49.99,19.49,61684,1),(2546,'2012-12-27 19:13:44',2546,49.99,19.49,61699,1),(2547,'2012-12-27 22:09:19',2547,49.99,19.49,61725,1),(2548,'2012-12-27 22:11:41',2548,49.99,19.49,61726,1),(2549,'2012-12-27 23:10:03',2549,49.99,19.49,61736,1),(2550,'2012-12-28 04:18:46',2550,49.99,19.49,61757,1),(2551,'2012-12-28 05:58:16',2551,49.99,19.49,61771,1),(2552,'2012-12-28 06:23:30',2552,49.99,19.49,61772,1),(2553,'2012-12-28 09:47:29',2553,49.99,19.49,61808,1),(2554,'2012-12-28 10:16:33',2554,49.99,19.49,61815,1),(2555,'2012-12-28 13:02:37',2555,49.99,19.49,61861,1),(2556,'2012-12-28 14:18:22',2556,49.99,19.49,61887,1),(2557,'2012-12-28 16:51:05',2557,49.99,19.49,61940,1),(2558,'2012-12-28 19:58:46',2558,49.99,19.49,61984,1),(2559,'2012-12-29 02:50:47',2559,49.99,19.49,62031,1),(2560,'2012-12-29 07:20:42',2560,49.99,19.49,62048,1),(2561,'2012-12-29 10:11:34',2561,49.99,19.49,62065,1),(2562,'2012-12-29 10:54:57',2562,49.99,19.49,62069,1),(2563,'2012-12-29 13:24:27',2563,49.99,19.49,62092,1),(2564,'2012-12-29 15:30:42',2564,49.99,19.49,62110,1),(2565,'2012-12-29 23:33:10',2565,49.99,19.49,62157,1),(2566,'2012-12-30 06:04:57',2566,49.99,19.49,62179,1),(2567,'2012-12-30 06:46:09',2567,49.99,19.49,62181,1),(2568,'2012-12-30 12:52:20',2568,49.99,19.49,62206,1),(2569,'2012-12-30 15:13:02',2569,49.99,19.49,62214,1),(2570,'2012-12-30 15:14:41',2570,49.99,19.49,62216,1),(2571,'2012-12-30 18:33:20',2571,49.99,19.49,62229,1),(2572,'2012-12-30 19:20:32',2572,49.99,19.49,62233,1),(2573,'2012-12-30 21:43:34',2573,49.99,19.49,62249,1),(2574,'2012-12-30 22:15:56',2574,49.99,19.49,62251,1),(2575,'2012-12-31 00:06:53',2575,49.99,19.49,62264,1),(2576,'2012-12-31 08:07:54',2576,49.99,19.49,62298,1),(2577,'2012-12-31 10:19:42',2577,49.99,19.49,62320,1),(2578,'2012-12-31 10:28:26',2578,49.99,19.49,62322,1),(2579,'2012-12-31 10:55:38',2579,49.99,19.49,62327,1),(2580,'2012-12-31 11:51:16',2580,49.99,19.49,62340,1),(2581,'2012-12-31 13:19:39',2581,49.99,19.49,62361,1),(2582,'2012-12-31 14:08:32',2582,49.99,19.49,62375,1),(2583,'2012-12-31 15:12:58',2583,49.99,19.49,62389,1),(2584,'2012-12-31 15:23:35',2584,49.99,19.49,62392,1),(2585,'2012-12-31 15:39:21',2585,49.99,19.49,62394,1),(2586,'2012-12-31 23:46:02',2586,49.99,19.49,62469,1),(2587,'2013-01-01 00:40:22',2587,49.99,19.49,62474,1),(2588,'2013-01-01 04:48:36',2588,49.99,19.49,62484,1),(2589,'2013-01-01 06:12:38',2589,49.99,19.49,62487,1),(2590,'2013-01-01 11:21:47',2590,49.99,19.49,62538,1),(2591,'2013-01-01 12:50:32',2591,49.99,19.49,62557,1),(2592,'2013-01-01 13:18:29',2592,49.99,19.49,62566,1),(2593,'2013-01-01 13:42:01',2593,49.99,19.49,62571,1),(2594,'2013-01-01 14:39:36',2594,49.99,19.49,62588,1),(2595,'2013-01-01 17:40:44',2595,49.99,19.49,62624,1),(2596,'2013-01-01 17:43:03',2596,49.99,19.49,62625,1),(2597,'2013-01-01 21:39:38',2597,49.99,19.49,62664,1),(2598,'2013-01-01 23:57:31',2598,49.99,19.49,62687,1),(2599,'2013-01-01 23:58:03',2599,49.99,19.49,62686,1),(2600,'2013-01-02 06:28:53',2600,49.99,19.49,62713,1),(2601,'2013-01-02 07:54:46',2601,49.99,19.49,62721,1),(2602,'2013-01-02 08:37:26',2602,49.99,19.49,62727,1),(2603,'2013-01-02 09:32:33',2603,49.99,19.49,62737,1),(2604,'2013-01-02 09:55:08',2604,49.99,19.49,62741,1),(2605,'2013-01-02 10:36:16',2605,49.99,19.49,62754,1),(2606,'2013-01-02 10:52:33',2606,49.99,19.49,62757,1),(2607,'2013-01-02 11:46:34',2607,49.99,19.49,62775,1),(2608,'2013-01-02 11:53:33',2608,49.99,19.49,62777,1),(2609,'2013-01-02 12:20:00',2609,49.99,19.49,62781,1),(2610,'2013-01-02 14:47:04',2610,49.99,19.49,62810,1),(2611,'2013-01-02 14:57:11',2611,49.99,19.49,62814,1),(2612,'2013-01-02 17:11:21',2612,49.99,19.49,62851,1),(2613,'2013-01-02 20:32:56',2613,49.99,19.49,62904,1),(2614,'2013-01-02 22:29:55',2614,49.99,19.49,62924,1),(2615,'2013-01-02 22:47:44',2615,49.99,19.49,62925,1),(2616,'2013-01-02 23:15:17',2616,49.99,19.49,62930,1),(2617,'2013-01-03 00:13:42',2617,49.99,19.49,62940,1),(2618,'2013-01-03 00:51:26',2618,49.99,19.49,62948,1),(2619,'2013-01-03 10:13:54',2619,49.99,19.49,62991,1),(2620,'2013-01-03 11:27:06',2620,49.99,19.49,63009,1),(2621,'2013-01-03 15:09:56',2621,49.99,19.49,63066,1),(2622,'2013-01-03 15:20:07',2622,49.99,19.49,63069,1),(2623,'2013-01-03 15:28:28',2623,49.99,19.49,63074,1),(2624,'2013-01-03 15:59:31',2624,49.99,19.49,63086,1),(2625,'2013-01-03 17:55:13',2625,49.99,19.49,63119,1),(2626,'2013-01-03 19:51:49',2626,49.99,19.49,63140,1),(2627,'2013-01-03 20:41:58',2627,49.99,19.49,63148,1),(2628,'2013-01-03 21:30:36',2628,49.99,19.49,63152,1),(2629,'2013-01-04 02:33:56',2629,49.99,19.49,63181,1),(2630,'2013-01-04 08:03:53',2630,49.99,19.49,63207,1),(2631,'2013-01-04 08:16:59',2631,49.99,19.49,63208,1),(2632,'2013-01-04 11:31:31',2632,49.99,19.49,63258,1),(2633,'2013-01-04 11:34:59',2633,49.99,19.49,63260,1),(2634,'2013-01-04 13:41:07',2634,49.99,19.49,63297,1),(2635,'2013-01-04 15:56:49',2635,49.99,19.49,63327,1),(2636,'2013-01-04 16:26:09',2636,49.99,19.49,63339,1),(2637,'2013-01-04 16:43:01',2637,49.99,19.49,63342,1),(2638,'2013-01-04 16:52:33',2638,49.99,19.49,63346,1),(2639,'2013-01-04 18:06:57',2639,49.99,19.49,63361,1),(2640,'2013-01-04 18:52:22',2640,49.99,19.49,63367,1),(2641,'2013-01-04 19:18:52',2641,49.99,19.49,63372,1),(2642,'2013-01-04 19:24:58',2642,49.99,19.49,63374,1),(2643,'2013-01-04 19:35:26',2643,49.99,19.49,63375,1),(2644,'2013-01-04 22:23:11',2644,49.99,19.49,63386,1),(2645,'2013-01-05 07:52:29',2645,49.99,19.49,63417,1),(2646,'2013-01-05 09:23:36',2646,49.99,19.49,63426,1),(2647,'2013-01-05 12:47:43',2647,49.99,19.49,63445,1),(2648,'2013-01-05 14:51:09',2648,49.99,19.49,63464,1),(2649,'2013-01-05 18:30:00',2649,49.99,19.49,63486,1),(2650,'2013-01-06 00:12:15',2650,49.99,19.49,63513,1),(2651,'2013-01-06 03:36:39',2651,49.99,19.49,63521,1),(2652,'2013-01-06 08:10:45',2652,49.99,19.49,63534,1),(2653,'2013-01-06 13:05:17',2653,49.99,19.49,63555,1),(2654,'2013-01-06 13:11:58',2654,49.99,19.49,63558,1),(2655,'2013-01-06 15:31:29',2655,49.99,19.49,63579,1),(2656,'2013-01-06 16:14:04',2656,49.99,19.49,63585,1),(2657,'2013-01-06 19:12:59',2657,49.99,19.49,63605,1),(2658,'2013-01-06 21:36:21',2658,49.99,19.49,63621,1),(2659,'2013-01-06 22:26:02',2659,49.99,19.49,63625,1),(2660,'2013-01-06 22:44:28',2660,49.99,19.49,63630,1),(2661,'2013-01-07 09:46:48',2661,49.99,19.49,63708,1),(2662,'2013-01-07 11:40:06',2662,59.99,22.49,63737,2),(2663,'2013-01-07 12:33:34',2663,59.99,22.49,63747,2),(2664,'2013-01-07 13:31:40',2664,49.99,19.49,63765,1),(2665,'2013-01-07 15:25:02',2665,49.99,19.49,63795,1),(2666,'2013-01-07 17:33:24',2666,49.99,19.49,63818,1),(2667,'2013-01-07 18:45:06',2667,49.99,19.49,63832,1),(2668,'2013-01-07 20:25:42',2668,49.99,19.49,63848,1),(2669,'2013-01-07 20:37:54',2669,49.99,19.49,63849,1),(2670,'2013-01-07 21:39:56',2670,49.99,19.49,63860,1),(2671,'2013-01-07 21:56:24',2671,49.99,19.49,63863,1),(2672,'2013-01-07 22:33:13',2672,49.99,19.49,63866,1),(2673,'2013-01-08 00:59:18',2673,49.99,19.49,63886,1),(2674,'2013-01-08 09:28:46',2674,49.99,19.49,63934,1),(2675,'2013-01-08 09:54:20',2675,49.99,19.49,63937,1),(2676,'2013-01-08 10:10:17',2676,49.99,19.49,63939,1),(2677,'2013-01-08 11:27:44',2677,49.99,19.49,63956,1),(2678,'2013-01-08 12:00:49',2678,49.99,19.49,63964,1),(2679,'2013-01-08 14:35:39',2679,49.99,19.49,63998,1),(2680,'2013-01-08 14:50:45',2680,49.99,19.49,64003,1),(2681,'2013-01-08 15:07:37',2681,49.99,19.49,64007,1),(2682,'2013-01-08 15:30:56',2682,59.99,22.49,64011,2),(2683,'2013-01-08 15:33:31',2683,59.99,22.49,64015,2),(2684,'2013-01-08 15:55:08',2684,49.99,19.49,64022,1),(2685,'2013-01-08 16:05:14',2685,49.99,19.49,64027,1),(2686,'2013-01-08 16:14:31',2686,49.99,19.49,64032,1),(2687,'2013-01-08 16:16:24',2687,49.99,19.49,64029,1),(2688,'2013-01-08 17:51:08',2688,59.99,22.49,64057,2),(2689,'2013-01-08 18:16:06',2689,49.99,19.49,64063,1),(2690,'2013-01-09 00:52:52',2690,49.99,19.49,64108,1),(2691,'2013-01-09 07:51:30',2691,49.99,19.49,64138,1),(2692,'2013-01-09 09:40:29',2692,49.99,19.49,64164,1),(2693,'2013-01-09 10:04:31',2693,49.99,19.49,64170,1),(2694,'2013-01-09 10:13:47',2694,49.99,19.49,64172,1),(2695,'2013-01-09 11:52:04',2695,49.99,19.49,64198,1),(2696,'2013-01-09 11:57:49',2696,49.99,19.49,64201,1),(2697,'2013-01-09 13:18:20',2697,49.99,19.49,64218,1),(2698,'2013-01-09 13:40:35',2698,49.99,19.49,64224,1),(2699,'2013-01-09 13:44:55',2699,59.99,22.49,64226,2),(2700,'2013-01-09 14:14:23',2700,49.99,19.49,64231,1),(2701,'2013-01-09 15:11:23',2701,59.99,22.49,64249,2),(2702,'2013-01-09 15:20:57',2702,49.99,19.49,64250,1),(2703,'2013-01-09 15:30:54',2703,49.99,19.49,64256,1),(2704,'2013-01-09 15:50:24',2704,49.99,19.49,64259,1),(2705,'2013-01-09 18:44:19',2705,59.99,22.49,64303,2),(2706,'2013-01-09 19:07:23',2706,49.99,19.49,64310,1),(2707,'2013-01-09 19:38:49',2707,49.99,19.49,64316,1),(2708,'2013-01-09 20:16:16',2708,49.99,19.49,64325,1),(2709,'2013-01-09 20:17:47',2709,49.99,19.49,64330,1),(2710,'2013-01-09 20:18:49',2710,59.99,22.49,64329,2),(2711,'2013-01-09 21:10:13',2711,49.99,19.49,64340,1),(2712,'2013-01-09 22:37:41',2712,49.99,19.49,64353,1),(2713,'2013-01-10 05:58:47',2713,49.99,19.49,64390,1),(2714,'2013-01-10 06:33:21',2714,59.99,22.49,64393,2),(2715,'2013-01-10 09:24:45',2715,49.99,19.49,64418,1),(2716,'2013-01-10 10:02:29',2716,59.99,22.49,64424,2),(2717,'2013-01-10 11:13:15',2717,49.99,19.49,64440,1),(2718,'2013-01-10 11:46:52',2718,49.99,19.49,64450,1),(2719,'2013-01-10 11:51:19',2719,49.99,19.49,64451,1),(2720,'2013-01-10 12:17:42',2720,49.99,19.49,64455,1),(2721,'2013-01-10 13:57:08',2721,49.99,19.49,64480,1),(2722,'2013-01-10 14:11:09',2722,49.99,19.49,64490,1),(2723,'2013-01-10 14:14:48',2723,49.99,19.49,64489,1),(2724,'2013-01-10 17:09:26',2724,59.99,22.49,64520,2),(2725,'2013-01-10 17:53:59',2725,49.99,19.49,64532,1),(2726,'2013-01-10 23:00:28',2726,49.99,19.49,64577,1),(2727,'2013-01-11 07:04:30',2727,49.99,19.49,64617,1),(2728,'2013-01-11 12:08:04',2728,49.99,19.49,64667,1),(2729,'2013-01-11 12:51:09',2729,49.99,19.49,64674,1),(2730,'2013-01-11 13:06:23',2730,49.99,19.49,64677,1),(2731,'2013-01-11 13:34:54',2731,59.99,22.49,64686,2),(2732,'2013-01-11 13:56:25',2732,49.99,19.49,64692,1),(2733,'2013-01-11 16:26:23',2733,49.99,19.49,64731,1),(2734,'2013-01-11 16:45:25',2734,49.99,19.49,64734,1),(2735,'2013-01-11 18:30:49',2735,59.99,22.49,64749,2),(2736,'2013-01-11 23:22:11',2736,49.99,19.49,64771,1),(2737,'2013-01-12 01:04:13',2737,49.99,19.49,64776,1),(2738,'2013-01-12 08:01:51',2738,59.99,22.49,64790,2),(2739,'2013-01-12 09:59:24',2739,49.99,19.49,64799,1),(2740,'2013-01-12 14:13:28',2740,49.99,19.49,64828,1),(2741,'2013-01-12 14:15:10',2741,59.99,22.49,64831,2),(2742,'2013-01-13 08:22:13',2742,49.99,19.49,64899,1),(2743,'2013-01-13 12:31:51',2743,49.99,19.49,64919,1),(2744,'2013-01-13 19:05:00',2744,49.99,19.49,64942,1),(2745,'2013-01-13 20:20:59',2745,59.99,22.49,64950,2),(2746,'2013-01-13 21:48:44',2746,49.99,19.49,64959,1),(2747,'2013-01-14 01:03:32',2747,49.99,19.49,64984,1),(2748,'2013-01-14 07:29:02',2748,49.99,19.49,65013,1),(2749,'2013-01-14 08:51:21',2749,49.99,19.49,65024,1),(2750,'2013-01-14 10:15:48',2750,49.99,19.49,65039,1),(2751,'2013-01-14 10:59:30',2751,59.99,22.49,65051,2),(2752,'2013-01-14 13:44:14',2752,49.99,19.49,65093,1),(2753,'2013-01-14 15:48:59',2753,49.99,19.49,65132,1),(2754,'2013-01-14 17:14:05',2754,49.99,19.49,65148,1),(2755,'2013-01-14 17:47:12',2755,49.99,19.49,65151,1),(2756,'2013-01-14 18:16:11',2756,49.99,19.49,65158,1),(2757,'2013-01-14 19:00:30',2757,49.99,19.49,65166,1),(2758,'2013-01-14 20:30:40',2758,49.99,19.49,65178,1),(2759,'2013-01-14 22:02:33',2759,59.99,22.49,65197,2),(2760,'2013-01-14 23:50:42',2760,49.99,19.49,65215,1),(2761,'2013-01-15 06:53:22',2761,49.99,19.49,65243,1),(2762,'2013-01-15 07:29:51',2762,49.99,19.49,65247,1),(2763,'2013-01-15 08:31:59',2763,49.99,19.49,65256,1),(2764,'2013-01-15 09:44:51',2764,59.99,22.49,65268,2),(2765,'2013-01-15 14:01:50',2765,49.99,19.49,65334,1),(2766,'2013-01-15 14:26:53',2766,49.99,19.49,65340,1),(2767,'2013-01-15 15:54:30',2767,49.99,19.49,65368,1),(2768,'2013-01-15 15:55:19',2768,49.99,19.49,65369,1),(2769,'2013-01-15 17:02:32',2769,49.99,19.49,65389,1),(2770,'2013-01-15 18:03:06',2770,49.99,19.49,65398,1),(2771,'2013-01-15 18:06:59',2771,49.99,19.49,65400,1),(2772,'2013-01-15 18:31:12',2772,49.99,19.49,65405,1),(2773,'2013-01-15 20:09:17',2773,49.99,19.49,65424,1),(2774,'2013-01-15 21:23:46',2774,49.99,19.49,65435,1),(2775,'2013-01-15 21:55:21',2775,49.99,19.49,65440,1),(2776,'2013-01-15 22:26:27',2776,49.99,19.49,65445,1),(2777,'2013-01-15 23:11:13',2777,49.99,19.49,65450,1),(2778,'2013-01-16 00:34:59',2778,49.99,19.49,65466,1),(2779,'2013-01-16 01:26:53',2779,49.99,19.49,65472,1),(2780,'2013-01-16 04:14:17',2780,49.99,19.49,65483,1),(2781,'2013-01-16 05:27:48',2781,49.99,19.49,65488,1),(2782,'2013-01-16 06:24:51',2782,59.99,22.49,65498,2),(2783,'2013-01-16 09:22:16',2783,49.99,19.49,65515,1),(2784,'2013-01-16 09:28:51',2784,49.99,19.49,65517,1),(2785,'2013-01-16 11:16:22',2785,49.99,19.49,65552,1),(2786,'2013-01-16 11:32:52',2786,49.99,19.49,65555,1),(2787,'2013-01-16 13:50:36',2787,49.99,19.49,65590,1),(2788,'2013-01-16 14:19:36',2788,49.99,19.49,65599,1),(2789,'2013-01-16 14:20:14',2789,49.99,19.49,65598,1),(2790,'2013-01-16 14:51:37',2790,49.99,19.49,65605,1),(2791,'2013-01-16 15:43:24',2791,49.99,19.49,65621,1),(2792,'2013-01-16 15:43:50',2792,49.99,19.49,65622,1),(2793,'2013-01-16 16:20:41',2793,49.99,19.49,65633,1),(2794,'2013-01-16 17:14:51',2794,49.99,19.49,65646,1),(2795,'2013-01-16 17:47:43',2795,49.99,19.49,65657,1),(2796,'2013-01-16 21:00:15',2796,49.99,19.49,65705,1),(2797,'2013-01-16 22:23:53',2797,49.99,19.49,65714,1),(2798,'2013-01-16 23:15:08',2798,59.99,22.49,65721,2),(2799,'2013-01-17 00:17:01',2799,49.99,19.49,65726,1),(2800,'2013-01-17 05:58:48',2800,59.99,22.49,65746,2),(2801,'2013-01-17 07:33:50',2801,49.99,19.49,65755,1),(2802,'2013-01-17 08:46:21',2802,49.99,19.49,65765,1),(2803,'2013-01-17 09:36:06',2803,59.99,22.49,65772,2),(2804,'2013-01-17 10:36:38',2804,49.99,19.49,65787,1),(2805,'2013-01-17 12:17:35',2805,49.99,19.49,65821,1),(2806,'2013-01-17 12:47:08',2806,49.99,19.49,65832,1),(2807,'2013-01-17 13:00:45',2807,49.99,19.49,65835,1),(2808,'2013-01-17 13:10:00',2808,49.99,19.49,65838,1),(2809,'2013-01-17 13:40:06',2809,49.99,19.49,65852,1),(2810,'2013-01-17 13:54:27',2810,59.99,22.49,65863,2),(2811,'2013-01-17 14:46:53',2811,49.99,19.49,65878,1),(2812,'2013-01-17 15:46:51',2812,49.99,19.49,65896,1),(2813,'2013-01-17 15:49:19',2813,49.99,19.49,65898,1),(2814,'2013-01-17 16:41:51',2814,59.99,22.49,65917,2),(2815,'2013-01-17 16:47:46',2815,49.99,19.49,65918,1),(2816,'2013-01-17 18:00:50',2816,49.99,19.49,65931,1),(2817,'2013-01-17 18:35:44',2817,49.99,19.49,65937,1),(2818,'2013-01-17 19:26:20',2818,59.99,22.49,65944,2),(2819,'2013-01-17 20:00:52',2819,49.99,19.49,65948,1),(2820,'2013-01-17 20:54:09',2820,59.99,22.49,65960,2),(2821,'2013-01-17 20:56:05',2821,49.99,19.49,65963,1),(2822,'2013-01-18 03:24:10',2822,59.99,22.49,65999,2),(2823,'2013-01-18 05:43:41',2823,49.99,19.49,66010,1),(2824,'2013-01-18 07:33:11',2824,49.99,19.49,66018,1),(2825,'2013-01-18 07:58:48',2825,49.99,19.49,66020,1),(2826,'2013-01-18 08:04:56',2826,49.99,19.49,66023,1),(2827,'2013-01-18 08:57:06',2827,49.99,19.49,66031,1),(2828,'2013-01-18 10:33:52',2828,49.99,19.49,66050,1),(2829,'2013-01-18 10:50:55',2829,49.99,19.49,66052,1),(2830,'2013-01-18 12:31:11',2830,49.99,19.49,66074,1),(2831,'2013-01-18 14:33:26',2831,49.99,19.49,66103,1),(2832,'2013-01-18 15:07:44',2832,49.99,19.49,66111,1),(2833,'2013-01-18 15:10:04',2833,49.99,19.49,66114,1),(2834,'2013-01-18 15:42:06',2834,49.99,19.49,66122,1),(2835,'2013-01-18 16:55:38',2835,49.99,19.49,66139,1),(2836,'2013-01-18 16:59:37',2836,59.99,22.49,66141,2),(2837,'2013-01-18 19:06:37',2837,49.99,19.49,66160,1),(2838,'2013-01-18 21:00:24',2838,49.99,19.49,66172,1),(2839,'2013-01-18 22:49:58',2839,49.99,19.49,66190,1),(2840,'2013-01-19 03:31:53',2840,49.99,19.49,66210,1),(2841,'2013-01-19 04:49:02',2841,49.99,19.49,66216,1),(2842,'2013-01-19 13:12:02',2842,49.99,19.49,66259,1),(2843,'2013-01-19 16:32:53',2843,49.99,19.49,66269,1),(2844,'2013-01-19 22:49:01',2844,49.99,19.49,66298,1),(2845,'2013-01-20 12:22:49',2845,49.99,19.49,66346,1),(2846,'2013-01-20 13:53:06',2846,59.99,22.49,66353,2),(2847,'2013-01-20 14:11:02',2847,49.99,19.49,66357,1),(2848,'2013-01-20 18:48:42',2848,49.99,19.49,66387,1),(2849,'2013-01-21 00:30:54',2849,49.99,19.49,66432,1),(2850,'2013-01-21 00:40:59',2850,49.99,19.49,66435,1),(2851,'2013-01-21 01:20:57',2851,49.99,19.49,66438,1),(2852,'2013-01-21 01:53:57',2852,59.99,22.49,66443,2),(2853,'2013-01-21 03:38:08',2853,49.99,19.49,66451,1),(2854,'2013-01-21 05:41:40',2854,49.99,19.49,66462,1),(2855,'2013-01-21 06:51:36',2855,49.99,19.49,66465,1),(2856,'2013-01-21 10:23:35',2856,59.99,22.49,66500,2),(2857,'2013-01-21 12:23:41',2857,49.99,19.49,66540,1),(2858,'2013-01-21 13:38:39',2858,49.99,19.49,66566,1),(2859,'2013-01-21 16:09:58',2859,49.99,19.49,66604,1),(2860,'2013-01-21 18:12:01',2860,49.99,19.49,66640,1),(2861,'2013-01-21 22:36:52',2861,49.99,19.49,66673,1),(2862,'2013-01-22 04:30:13',2862,49.99,19.49,66699,1),(2863,'2013-01-22 08:51:08',2863,59.99,22.49,66721,2),(2864,'2013-01-22 09:16:46',2864,49.99,19.49,66725,1),(2865,'2013-01-22 09:28:28',2865,49.99,19.49,66728,1),(2866,'2013-01-22 12:56:11',2866,49.99,19.49,66785,1),(2867,'2013-01-22 13:36:40',2867,49.99,19.49,66794,1),(2868,'2013-01-22 13:37:15',2868,49.99,19.49,66800,1),(2869,'2013-01-22 14:07:18',2869,49.99,19.49,66803,1),(2870,'2013-01-22 14:40:44',2870,49.99,19.49,66817,1),(2871,'2013-01-22 14:51:48',2871,49.99,19.49,66824,1),(2872,'2013-01-22 15:49:01',2872,49.99,19.49,66840,1),(2873,'2013-01-22 17:06:08',2873,49.99,19.49,66858,1),(2874,'2013-01-22 19:58:15',2874,49.99,19.49,66892,1),(2875,'2013-01-23 04:14:56',2875,49.99,19.49,66936,1),(2876,'2013-01-23 05:47:34',2876,49.99,19.49,66943,1),(2877,'2013-01-23 09:15:43',2877,59.99,22.49,66971,2),(2878,'2013-01-23 11:05:52',2878,59.99,22.49,67012,2),(2879,'2013-01-23 11:29:02',2879,49.99,19.49,67024,1),(2880,'2013-01-23 12:39:09',2880,49.99,19.49,67038,1),(2881,'2013-01-23 14:18:50',2881,49.99,19.49,67068,1),(2882,'2013-01-23 16:47:32',2882,49.99,19.49,67112,1),(2883,'2013-01-23 20:53:11',2883,59.99,22.49,67168,2),(2884,'2013-01-23 21:14:49',2884,49.99,19.49,67171,1),(2885,'2013-01-24 00:15:41',2885,49.99,19.49,67194,1),(2886,'2013-01-24 01:05:41',2886,49.99,19.49,67200,1),(2887,'2013-01-24 03:27:46',2887,49.99,19.49,67210,1),(2888,'2013-01-24 08:27:32',2888,49.99,19.49,67235,1),(2889,'2013-01-24 11:16:02',2889,49.99,19.49,67264,1),(2890,'2013-01-24 11:39:24',2890,59.99,22.49,67276,2),(2891,'2013-01-24 12:03:26',2891,49.99,19.49,67290,1),(2892,'2013-01-24 12:10:55',2892,49.99,19.49,67289,1),(2893,'2013-01-24 13:44:54',2893,49.99,19.49,67316,1),(2894,'2013-01-24 17:11:06',2894,49.99,19.49,67372,1),(2895,'2013-01-24 17:12:47',2895,49.99,19.49,67376,1),(2896,'2013-01-24 18:02:07',2896,49.99,19.49,67388,1),(2897,'2013-01-24 18:58:22',2897,49.99,19.49,67398,1),(2898,'2013-01-24 20:20:04',2898,49.99,19.49,67413,1),(2899,'2013-01-24 20:49:32',2899,49.99,19.49,67415,1),(2900,'2013-01-24 23:26:12',2900,49.99,19.49,67444,1),(2901,'2013-01-24 23:36:20',2901,49.99,19.49,67443,1),(2902,'2013-01-25 01:55:42',2902,49.99,19.49,67458,1),(2903,'2013-01-25 05:37:24',2903,49.99,19.49,67468,1),(2904,'2013-01-25 09:33:09',2904,49.99,19.49,67494,1),(2905,'2013-01-25 09:39:04',2905,49.99,19.49,67496,1),(2906,'2013-01-25 10:42:43',2906,49.99,19.49,67512,1),(2907,'2013-01-25 12:49:38',2907,49.99,19.49,67553,1),(2908,'2013-01-25 13:17:16',2908,49.99,19.49,67562,1),(2909,'2013-01-25 13:39:31',2909,49.99,19.49,67568,1),(2910,'2013-01-25 14:41:07',2910,59.99,22.49,67590,2),(2911,'2013-01-25 17:05:43',2911,49.99,19.49,67620,1),(2912,'2013-01-25 18:06:35',2912,49.99,19.49,67633,1),(2913,'2013-01-25 20:48:37',2913,49.99,19.49,67656,1),(2914,'2013-01-26 00:17:39',2914,49.99,19.49,67683,1),(2915,'2013-01-26 01:50:49',2915,49.99,19.49,67685,1),(2916,'2013-01-26 05:56:41',2916,49.99,19.49,67699,1),(2917,'2013-01-26 09:19:07',2917,49.99,19.49,67709,1),(2918,'2013-01-26 10:34:46',2918,49.99,19.49,67715,1),(2919,'2013-01-26 15:18:51',2919,49.99,19.49,67745,1),(2920,'2013-01-26 18:11:41',2920,49.99,19.49,67763,1),(2921,'2013-01-26 22:18:09',2921,49.99,19.49,67786,1),(2922,'2013-01-26 22:18:19',2922,49.99,19.49,67785,1),(2923,'2013-01-27 02:49:59',2923,49.99,19.49,67801,1),(2924,'2013-01-27 04:47:40',2924,49.99,19.49,67803,1),(2925,'2013-01-27 06:45:49',2925,49.99,19.49,67805,1),(2926,'2013-01-27 10:12:33',2926,49.99,19.49,67821,1),(2927,'2013-01-27 11:20:12',2927,49.99,19.49,67828,1),(2928,'2013-01-27 13:38:18',2928,49.99,19.49,67841,1),(2929,'2013-01-27 19:38:45',2929,49.99,19.49,67882,1),(2930,'2013-01-27 21:54:27',2930,49.99,19.49,67891,1),(2931,'2013-01-27 23:38:03',2931,49.99,19.49,67902,1),(2932,'2013-01-28 09:47:35',2932,49.99,19.49,67955,1),(2933,'2013-01-28 10:10:05',2933,49.99,19.49,67957,1),(2934,'2013-01-28 13:32:23',2934,49.99,19.49,68007,1),(2935,'2013-01-28 14:14:50',2935,49.99,19.49,68019,1),(2936,'2013-01-28 16:31:49',2936,49.99,19.49,68047,1),(2937,'2013-01-28 16:33:41',2937,59.99,22.49,68048,2),(2938,'2013-01-28 16:55:53',2938,49.99,19.49,68051,1),(2939,'2013-01-28 18:40:31',2939,49.99,19.49,68080,1),(2940,'2013-01-28 18:41:02',2940,59.99,22.49,68079,2),(2941,'2013-01-28 18:42:21',2941,59.99,22.49,68078,2),(2942,'2013-01-28 23:13:10',2942,49.99,19.49,68111,1),(2943,'2013-01-29 03:34:36',2943,49.99,19.49,68131,1),(2944,'2013-01-29 05:56:55',2944,49.99,19.49,68140,1),(2945,'2013-01-29 06:47:10',2945,49.99,19.49,68143,1),(2946,'2013-01-29 10:09:14',2946,59.99,22.49,68185,2),(2947,'2013-01-29 11:26:56',2947,49.99,19.49,68207,1),(2948,'2013-01-29 13:41:25',2948,49.99,19.49,68250,1),(2949,'2013-01-29 14:52:46',2949,59.99,22.49,68267,2),(2950,'2013-01-29 15:37:21',2950,49.99,19.49,68276,1),(2951,'2013-01-29 15:56:14',2951,49.99,19.49,68284,1),(2952,'2013-01-29 21:26:26',2952,49.99,19.49,68331,1),(2953,'2013-01-29 23:06:24',2953,49.99,19.49,68345,1),(2954,'2013-01-30 09:23:34',2954,59.99,22.49,68402,2),(2955,'2013-01-30 09:55:32',2955,49.99,19.49,68411,1),(2956,'2013-01-30 10:14:22',2956,49.99,19.49,68412,1),(2957,'2013-01-30 10:30:35',2957,49.99,19.49,68421,1),(2958,'2013-01-30 12:31:08',2958,49.99,19.49,68461,1),(2959,'2013-01-30 13:10:19',2959,49.99,19.49,68478,1),(2960,'2013-01-30 14:07:46',2960,49.99,19.49,68494,1),(2961,'2013-01-30 15:47:16',2961,49.99,19.49,68527,1),(2962,'2013-01-30 16:39:16',2962,49.99,19.49,68546,1),(2963,'2013-01-30 16:52:20',2963,49.99,19.49,68549,1),(2964,'2013-01-30 17:45:48',2964,49.99,19.49,68559,1),(2965,'2013-01-30 18:09:52',2965,49.99,19.49,68570,1),(2966,'2013-01-31 01:49:58',2966,49.99,19.49,68632,1),(2967,'2013-01-31 03:01:23',2967,49.99,19.49,68638,1),(2968,'2013-01-31 11:26:29',2968,49.99,19.49,68696,1),(2969,'2013-01-31 12:44:23',2969,59.99,22.49,68719,2),(2970,'2013-01-31 14:38:25',2970,49.99,19.49,68751,1),(2971,'2013-01-31 14:43:00',2971,49.99,19.49,68752,1),(2972,'2013-01-31 16:48:49',2972,49.99,19.49,68791,1),(2973,'2013-01-31 17:42:08',2973,59.99,22.49,68803,2),(2974,'2013-01-31 18:38:14',2974,49.99,19.49,68826,1),(2975,'2013-01-31 20:30:22',2975,49.99,19.49,68847,1),(2976,'2013-01-31 20:42:42',2976,49.99,19.49,68850,1),(2977,'2013-02-01 00:01:38',2977,49.99,19.49,68870,1),(2978,'2013-02-01 09:08:05',2978,49.99,19.49,68907,1),(2979,'2013-02-01 09:20:28',2979,49.99,19.49,68915,1),(2980,'2013-02-01 10:28:57',2980,49.99,19.49,68924,1),(2981,'2013-02-01 10:37:51',2981,59.99,22.49,68927,2),(2982,'2013-02-01 10:39:14',2982,49.99,19.49,68926,1),(2983,'2013-02-01 12:25:18',2983,49.99,19.49,68951,1),(2984,'2013-02-01 16:32:55',2984,49.99,19.49,69002,1),(2985,'2013-02-01 16:48:34',2985,49.99,19.49,69005,1),(2986,'2013-02-01 16:55:34',2986,49.99,19.49,69008,1),(2987,'2013-02-01 17:27:10',2987,49.99,19.49,69012,1),(2988,'2013-02-01 18:37:43',2988,49.99,19.49,69029,1),(2989,'2013-02-01 20:29:02',2989,49.99,19.49,69036,1),(2990,'2013-02-01 21:32:17',2990,49.99,19.49,69042,1),(2991,'2013-02-01 22:27:13',2991,59.99,22.49,69049,2),(2992,'2013-02-01 22:53:17',2992,49.99,19.49,69053,1),(2993,'2013-02-01 23:48:38',2993,49.99,19.49,69057,1),(2994,'2013-02-02 01:37:53',2994,49.99,19.49,69065,1),(2995,'2013-02-02 06:32:59',2995,49.99,19.49,69077,1),(2996,'2013-02-02 08:04:00',2996,49.99,19.49,69083,1),(2997,'2013-02-02 19:44:51',2997,49.99,19.49,69157,1),(2998,'2013-02-02 19:47:17',2998,59.99,22.49,69156,2),(2999,'2013-02-03 05:20:25',2999,49.99,19.49,69191,1),(3000,'2013-02-03 17:03:23',3000,49.99,19.49,69239,1),(3001,'2013-02-03 17:18:21',3001,49.99,19.49,69243,1),(3002,'2013-02-03 17:42:49',3002,49.99,19.49,69249,1),(3003,'2013-02-03 21:35:05',3003,49.99,19.49,69267,1),(3004,'2013-02-03 23:26:35',3004,59.99,22.49,69277,2),(3005,'2013-02-03 23:50:09',3005,49.99,19.49,69279,1),(3006,'2013-02-04 01:40:13',3006,49.99,19.49,69290,1),(3007,'2013-02-04 02:45:47',3007,49.99,19.49,69296,1),(3008,'2013-02-04 08:45:48',3008,49.99,19.49,69336,1),(3009,'2013-02-04 10:24:15',3009,49.99,19.49,69359,1),(3010,'2013-02-04 10:59:31',3010,49.99,19.49,69367,1),(3011,'2013-02-04 11:45:34',3011,49.99,19.49,69374,1),(3012,'2013-02-04 12:29:47',3012,59.99,22.49,69392,2),(3013,'2013-02-04 12:34:37',3013,49.99,19.49,69387,1),(3014,'2013-02-04 14:30:22',3014,49.99,19.49,69416,1),(3015,'2013-02-04 14:45:24',3015,49.99,19.49,69419,1),(3016,'2013-02-04 15:09:27',3016,49.99,19.49,69430,1),(3017,'2013-02-04 16:59:44',3017,49.99,19.49,69447,1),(3018,'2013-02-04 17:32:47',3018,49.99,19.49,69449,1),(3019,'2013-02-04 19:57:44',3019,49.99,19.49,69480,1),(3020,'2013-02-04 23:02:45',3020,49.99,19.49,69503,1),(3021,'2013-02-05 03:02:41',3021,59.99,22.49,69515,2),(3022,'2013-02-05 04:28:12',3022,59.99,22.49,69523,2),(3023,'2013-02-05 07:58:46',3023,49.99,19.49,69533,1),(3024,'2013-02-05 09:14:37',3024,49.99,19.49,69544,1),(3025,'2013-02-05 09:23:02',3025,49.99,19.49,69546,1),(3026,'2013-02-05 09:48:47',3026,59.99,22.49,69554,2),(3027,'2013-02-05 10:00:50',3027,49.99,19.49,69558,1),(3028,'2013-02-05 12:21:22',3028,59.99,22.49,69595,2),(3029,'2013-02-05 12:23:42',3029,49.99,19.49,69594,1),(3030,'2013-02-05 13:03:54',3030,49.99,19.49,69608,1),(3031,'2013-02-05 14:18:19',3031,49.99,19.49,69623,1),(3032,'2013-02-05 14:26:57',3032,59.99,22.49,69624,2),(3033,'2013-02-05 15:15:13',3033,49.99,19.49,69635,1),(3034,'2013-02-05 18:10:10',3034,49.99,19.49,69686,1),(3035,'2013-02-06 05:16:32',3035,49.99,19.49,69752,1),(3036,'2013-02-06 12:40:00',3036,49.99,19.49,69827,1),(3037,'2013-02-06 13:37:11',3037,49.99,19.49,69848,1),(3038,'2013-02-06 14:14:02',3038,49.99,19.49,69857,1),(3039,'2013-02-06 15:31:47',3039,49.99,19.49,69878,1),(3040,'2013-02-06 16:14:32',3040,49.99,19.49,69891,1),(3041,'2013-02-06 16:31:14',3041,49.99,19.49,69894,1),(3042,'2013-02-06 16:45:54',3042,49.99,19.49,69901,1),(3043,'2013-02-06 17:56:59',3043,59.99,22.49,69912,2),(3044,'2013-02-06 17:58:35',3044,49.99,19.49,69911,1),(3045,'2013-02-06 18:45:42',3045,49.99,19.49,69921,1),(3046,'2013-02-06 20:23:12',3046,49.99,19.49,69934,1),(3047,'2013-02-07 00:10:27',3047,49.99,19.49,69967,1),(3048,'2013-02-07 03:32:09',3048,49.99,19.49,69985,1),(3049,'2013-02-07 04:12:48',3049,49.99,19.49,69988,1),(3050,'2013-02-07 04:18:50',3050,49.99,19.49,69989,1),(3051,'2013-02-07 04:59:28',3051,59.99,22.49,69993,2),(3052,'2013-02-07 08:46:11',3052,49.99,19.49,70005,1),(3053,'2013-02-07 09:33:49',3053,49.99,19.49,70015,1),(3054,'2013-02-07 09:38:48',3054,49.99,19.49,70016,1),(3055,'2013-02-07 09:51:46',3055,49.99,19.49,70017,1),(3056,'2013-02-07 10:28:33',3056,49.99,19.49,70025,1),(3057,'2013-02-07 10:57:52',3057,49.99,19.49,70030,1),(3058,'2013-02-07 11:05:34',3058,49.99,19.49,70033,1),(3059,'2013-02-07 11:07:45',3059,49.99,19.49,70034,1),(3060,'2013-02-07 13:50:38',3060,49.99,19.49,70079,1),(3061,'2013-02-07 14:03:59',3061,49.99,19.49,70083,1),(3062,'2013-02-07 15:58:10',3062,49.99,19.49,70112,1),(3063,'2013-02-07 17:41:26',3063,49.99,19.49,70142,1),(3064,'2013-02-07 20:15:45',3064,49.99,19.49,70169,1),(3065,'2013-02-07 21:38:34',3065,49.99,19.49,70187,1),(3066,'2013-02-08 00:12:48',3066,49.99,19.49,70205,1),(3067,'2013-02-08 01:50:45',3067,49.99,19.49,70215,1),(3068,'2013-02-08 09:27:03',3068,49.99,19.49,70251,1),(3069,'2013-02-08 09:59:40',3069,49.99,19.49,70256,1),(3070,'2013-02-08 10:58:38',3070,49.99,19.49,70268,1),(3071,'2013-02-08 11:49:40',3071,49.99,19.49,70281,1),(3072,'2013-02-08 11:53:33',3072,59.99,22.49,70283,2),(3073,'2013-02-08 13:34:01',3073,49.99,19.49,70301,1),(3074,'2013-02-08 14:00:59',3074,49.99,19.49,70304,1),(3075,'2013-02-08 16:42:41',3075,49.99,19.49,70339,1),(3076,'2013-02-08 19:48:00',3076,49.99,19.49,70375,1),(3077,'2013-02-08 20:33:10',3077,49.99,19.49,70381,1),(3078,'2013-02-08 20:58:57',3078,49.99,19.49,70384,1),(3079,'2013-02-08 22:01:58',3079,49.99,19.49,70392,1),(3080,'2013-02-08 22:50:46',3080,49.99,19.49,70395,1),(3081,'2013-02-09 01:16:05',3081,49.99,19.49,70411,1),(3082,'2013-02-09 12:05:57',3082,59.99,22.49,70447,2),(3083,'2013-02-09 15:40:22',3083,49.99,19.49,70473,1),(3084,'2013-02-10 00:10:03',3084,49.99,19.49,70510,1),(3085,'2013-02-10 01:27:46',3085,59.99,22.49,70520,2),(3086,'2013-02-10 04:50:00',3086,59.99,22.49,70544,2),(3087,'2013-02-10 05:25:30',3087,59.99,22.49,70550,2),(3088,'2013-02-10 11:05:15',3088,59.99,22.49,70601,2),(3089,'2013-02-10 11:23:34',3089,59.99,22.49,70602,2),(3090,'2013-02-10 11:55:52',3090,59.99,22.49,70610,2),(3091,'2013-02-10 12:51:44',3091,59.99,22.49,70616,2),(3092,'2013-02-10 14:59:48',3092,59.99,22.49,70641,2),(3093,'2013-02-10 17:15:44',3093,59.99,22.49,70672,2),(3094,'2013-02-10 18:35:28',3094,49.99,19.49,70687,1),(3095,'2013-02-10 18:57:38',3095,59.99,22.49,70697,2),(3096,'2013-02-10 20:09:46',3096,59.99,22.49,70705,2),(3097,'2013-02-10 21:00:36',3097,59.99,22.49,70715,2),(3098,'2013-02-10 22:18:25',3098,59.99,22.49,70733,2),(3099,'2013-02-10 22:25:14',3099,49.99,19.49,70734,1),(3100,'2013-02-10 23:19:47',3100,59.99,22.49,70746,2),(3101,'2013-02-11 00:14:08',3101,59.99,22.49,70754,2),(3102,'2013-02-11 00:38:27',3102,59.99,22.49,70758,2),(3103,'2013-02-11 01:15:58',3103,59.99,22.49,70763,2),(3104,'2013-02-11 01:21:24',3104,59.99,22.49,70764,2),(3105,'2013-02-11 02:59:17',3105,59.99,22.49,70783,2),(3106,'2013-02-11 03:22:00',3106,49.99,19.49,70788,1),(3107,'2013-02-11 04:01:37',3107,59.99,22.49,70797,2),(3108,'2013-02-11 04:43:48',3108,59.99,22.49,70802,2),(3109,'2013-02-11 05:03:31',3109,49.99,19.49,70805,1),(3110,'2013-02-11 05:12:55',3110,49.99,19.49,70809,1),(3111,'2013-02-11 05:35:43',3111,59.99,22.49,70814,2),(3112,'2013-02-11 06:10:41',3112,49.99,19.49,70823,1),(3113,'2013-02-11 06:18:10',3113,49.99,19.49,70824,1),(3114,'2013-02-11 06:34:26',3114,59.99,22.49,70827,2),(3115,'2013-02-11 08:36:12',3115,59.99,22.49,70856,2),(3116,'2013-02-11 10:04:01',3116,59.99,22.49,70879,2),(3117,'2013-02-11 10:39:52',3117,59.99,22.49,70893,2),(3118,'2013-02-11 11:11:35',3118,49.99,19.49,70917,1),(3119,'2013-02-11 11:20:31',3119,49.99,19.49,70919,1),(3120,'2013-02-11 12:18:32',3120,59.99,22.49,70949,2),(3121,'2013-02-11 12:28:36',3121,59.99,22.49,70964,2),(3122,'2013-02-11 12:48:12',3122,49.99,19.49,70974,1),(3123,'2013-02-11 13:59:37',3123,49.99,19.49,71014,1),(3124,'2013-02-11 14:25:45',3124,49.99,19.49,71028,1),(3125,'2013-02-11 15:44:03',3125,49.99,19.49,71065,1),(3126,'2013-02-11 16:10:10',3126,49.99,19.49,71078,1),(3127,'2013-02-11 16:13:19',3127,59.99,22.49,71077,2),(3128,'2013-02-11 16:19:54',3128,59.99,22.49,71083,2),(3129,'2013-02-11 17:23:19',3129,59.99,22.49,71121,2),(3130,'2013-02-11 17:34:54',3130,59.99,22.49,71125,2),(3131,'2013-02-11 17:44:09',3131,59.99,22.49,71130,2),(3132,'2013-02-11 18:17:59',3132,59.99,22.49,71148,2),(3133,'2013-02-11 19:01:22',3133,59.99,22.49,71169,2),(3134,'2013-02-11 19:14:58',3134,59.99,22.49,71180,2),(3135,'2013-02-11 19:22:13',3135,49.99,19.49,71184,1),(3136,'2013-02-11 19:23:02',3136,59.99,22.49,71182,2),(3137,'2013-02-11 19:53:39',3137,59.99,22.49,71193,2),(3138,'2013-02-11 20:48:52',3138,59.99,22.49,71225,2),(3139,'2013-02-11 20:51:15',3139,59.99,22.49,71224,2),(3140,'2013-02-11 21:02:51',3140,49.99,19.49,71228,1),(3141,'2013-02-11 22:35:42',3141,49.99,19.49,71249,1),(3142,'2013-02-12 02:37:51',3142,59.99,22.49,71301,2),(3143,'2013-02-12 07:05:14',3143,59.99,22.49,71342,2),(3144,'2013-02-12 07:37:18',3144,59.99,22.49,71349,2),(3145,'2013-02-12 09:35:25',3145,49.99,19.49,71379,1),(3146,'2013-02-12 09:41:40',3146,59.99,22.49,71383,2),(3147,'2013-02-12 10:01:52',3147,59.99,22.49,71395,2),(3148,'2013-02-12 10:15:32',3148,59.99,22.49,71400,2),(3149,'2013-02-12 11:25:20',3149,59.99,22.49,71427,2),(3150,'2013-02-12 11:26:07',3150,49.99,19.49,71428,1),(3151,'2013-02-12 11:46:23',3151,59.99,22.49,71441,2),(3152,'2013-02-12 12:33:42',3152,59.99,22.49,71473,2),(3153,'2013-02-12 12:34:04',3153,49.99,19.49,71481,1),(3154,'2013-02-12 12:49:07',3154,59.99,22.49,71489,2),(3155,'2013-02-12 12:51:18',3155,49.99,19.49,71497,1),(3156,'2013-02-12 13:30:29',3156,59.99,22.49,71515,2),(3157,'2013-02-12 13:30:35',3157,59.99,22.49,71512,2),(3158,'2013-02-12 13:46:36',3158,49.99,19.49,71517,1),(3159,'2013-02-12 13:56:11',3159,59.99,22.49,71524,2),(3160,'2013-02-12 14:01:54',3160,49.99,19.49,71529,1),(3161,'2013-02-12 14:20:03',3161,59.99,22.49,71540,2),(3162,'2013-02-12 14:24:35',3162,49.99,19.49,71543,1),(3163,'2013-02-12 15:56:37',3163,59.99,22.49,71594,2),(3164,'2013-02-12 16:11:37',3164,59.99,22.49,71609,2),(3165,'2013-02-12 16:21:53',3165,59.99,22.49,71614,2),(3166,'2013-02-12 16:22:49',3166,59.99,22.49,71613,2),(3167,'2013-02-12 16:39:09',3167,59.99,22.49,71619,2),(3168,'2013-02-12 16:49:20',3168,49.99,19.49,71625,1),(3169,'2013-02-12 17:17:22',3169,49.99,19.49,71645,1),(3170,'2013-02-12 18:17:56',3170,49.99,19.49,71667,1),(3171,'2013-02-12 19:06:49',3171,59.99,22.49,71689,2),(3172,'2013-02-12 19:17:28',3172,59.99,22.49,71694,2),(3173,'2013-02-12 20:05:56',3173,49.99,19.49,71714,1),(3174,'2013-02-12 20:46:12',3174,59.99,22.49,71727,2),(3175,'2013-02-12 21:22:06',3175,59.99,22.49,71742,2),(3176,'2013-02-12 21:29:06',3176,49.99,19.49,71748,1),(3177,'2013-02-12 21:44:28',3177,59.99,22.49,71751,2),(3178,'2013-02-12 21:47:26',3178,49.99,19.49,71754,1),(3179,'2013-02-13 00:32:50',3179,59.99,22.49,71797,2),(3180,'2013-02-13 01:13:04',3180,49.99,19.49,71811,1),(3181,'2013-02-13 03:41:43',3181,59.99,22.49,71836,2),(3182,'2013-02-13 07:20:04',3182,59.99,22.49,71857,2),(3183,'2013-02-13 07:27:16',3183,49.99,19.49,71858,1),(3184,'2013-02-13 08:44:36',3184,59.99,22.49,71874,2),(3185,'2013-02-13 09:29:26',3185,59.99,22.49,71896,2),(3186,'2013-02-13 09:50:12',3186,59.99,22.49,71911,2),(3187,'2013-02-13 09:53:58',3187,59.99,22.49,71910,2),(3188,'2013-02-13 10:16:30',3188,59.99,22.49,71921,2),(3189,'2013-02-13 11:13:54',3189,59.99,22.49,71950,2),(3190,'2013-02-13 12:34:47',3190,59.99,22.49,71996,2),(3191,'2013-02-13 12:41:04',3191,59.99,22.49,71998,2),(3192,'2013-02-13 12:43:21',3192,59.99,22.49,72003,2),(3193,'2013-02-13 12:44:11',3193,59.99,22.49,72004,2),(3194,'2013-02-13 13:16:47',3194,59.99,22.49,72020,2),(3195,'2013-02-13 13:38:46',3195,59.99,22.49,72027,2),(3196,'2013-02-13 14:49:13',3196,49.99,19.49,72066,1),(3197,'2013-02-13 14:52:17',3197,49.99,19.49,72068,1),(3198,'2013-02-13 14:52:49',3198,49.99,19.49,72073,1),(3199,'2013-02-13 15:19:54',3199,49.99,19.49,72080,1),(3200,'2013-02-13 15:23:47',3200,49.99,19.49,72088,1),(3201,'2013-02-13 15:44:41',3201,49.99,19.49,72101,1),(3202,'2013-02-13 15:49:08',3202,49.99,19.49,72107,1),(3203,'2013-02-13 16:07:46',3203,59.99,22.49,72111,2),(3204,'2013-02-13 16:19:10',3204,59.99,22.49,72116,2),(3205,'2013-02-13 17:04:25',3205,49.99,19.49,72147,1),(3206,'2013-02-13 17:50:39',3206,59.99,22.49,72170,2),(3207,'2013-02-13 19:43:11',3207,49.99,19.49,72229,1),(3208,'2013-02-13 20:49:56',3208,49.99,19.49,72244,1),(3209,'2013-02-13 21:34:48',3209,59.99,22.49,72262,2),(3210,'2013-02-13 21:53:51',3210,59.99,22.49,72266,2),(3211,'2013-02-13 22:06:12',3211,59.99,22.49,72268,2),(3212,'2013-02-13 22:09:09',3212,59.99,22.49,72273,2),(3213,'2013-02-13 23:20:20',3213,59.99,22.49,72292,2),(3214,'2013-02-14 00:13:23',3214,59.99,22.49,72304,2),(3215,'2013-02-14 00:19:59',3215,49.99,19.49,72308,1),(3216,'2013-02-14 01:18:11',3216,59.99,22.49,72320,2),(3217,'2013-02-14 03:32:57',3217,59.99,22.49,72337,2),(3218,'2013-02-14 06:42:32',3218,59.99,22.49,72364,2),(3219,'2013-02-14 07:30:47',3219,59.99,22.49,72378,2),(3220,'2013-02-14 09:56:09',3220,59.99,22.49,72429,2),(3221,'2013-02-14 10:15:53',3221,59.99,22.49,72444,2),(3222,'2013-02-14 10:37:46',3222,49.99,19.49,72454,1),(3223,'2013-02-14 10:53:23',3223,59.99,22.49,72460,2),(3224,'2013-02-14 11:27:50',3224,49.99,19.49,72482,1),(3225,'2013-02-14 11:44:16',3225,59.99,22.49,72496,2),(3226,'2013-02-14 12:51:47',3226,59.99,22.49,72532,2),(3227,'2013-02-14 13:10:16',3227,59.99,22.49,72542,2),(3228,'2013-02-14 13:32:23',3228,59.99,22.49,72560,2),(3229,'2013-02-14 14:22:07',3229,49.99,19.49,72589,1),(3230,'2013-02-14 14:40:02',3230,59.99,22.49,72603,2),(3231,'2013-02-14 14:41:20',3231,59.99,22.49,72604,2),(3232,'2013-02-14 14:51:41',3232,59.99,22.49,72614,2),(3233,'2013-02-14 14:54:59',3233,49.99,19.49,72619,1),(3234,'2013-02-14 15:00:14',3234,59.99,22.49,72620,2),(3235,'2013-02-14 15:01:22',3235,59.99,22.49,72615,2),(3236,'2013-02-14 15:20:47',3236,59.99,22.49,72629,2),(3237,'2013-02-14 15:39:40',3237,59.99,22.49,72636,2),(3238,'2013-02-14 16:38:42',3238,49.99,19.49,72679,1),(3239,'2013-02-14 16:44:29',3239,59.99,22.49,72680,2),(3240,'2013-02-14 17:03:40',3240,49.99,19.49,72703,1),(3241,'2013-02-14 17:16:25',3241,49.99,19.49,72709,1),(3242,'2013-02-14 17:29:09',3242,59.99,22.49,72714,2),(3243,'2013-02-14 18:34:09',3243,59.99,22.49,72742,2),(3244,'2013-02-14 18:57:27',3244,59.99,22.49,72748,2),(3245,'2013-02-14 19:01:28',3245,59.99,22.49,72752,2),(3246,'2013-02-14 19:32:29',3246,49.99,19.49,72763,1),(3247,'2013-02-14 19:38:38',3247,49.99,19.49,72766,1),(3248,'2013-02-14 20:11:35',3248,59.99,22.49,72778,2),(3249,'2013-02-14 20:50:00',3249,59.99,22.49,72787,2),(3250,'2013-02-14 21:21:20',3250,59.99,22.49,72793,2),(3251,'2013-02-14 22:37:14',3251,49.99,19.49,72812,1),(3252,'2013-02-15 00:26:51',3252,49.99,19.49,72839,1),(3253,'2013-02-15 03:18:41',3253,49.99,19.49,72867,1),(3254,'2013-02-15 04:41:41',3254,49.99,19.49,72880,1),(3255,'2013-02-15 06:23:42',3255,49.99,19.49,72893,1),(3256,'2013-02-15 08:03:33',3256,49.99,19.49,72919,1),(3257,'2013-02-15 09:35:02',3257,49.99,19.49,72947,1),(3258,'2013-02-15 11:35:08',3258,49.99,19.49,73006,1),(3259,'2013-02-15 11:48:58',3259,49.99,19.49,73020,1),(3260,'2013-02-15 12:27:24',3260,49.99,19.49,73047,1),(3261,'2013-02-15 12:28:44',3261,59.99,22.49,73050,2),(3262,'2013-02-15 13:01:49',3262,49.99,19.49,73063,1),(3263,'2013-02-15 13:18:25',3263,49.99,19.49,73077,1),(3264,'2013-02-15 14:26:20',3264,49.99,19.49,73114,1),(3265,'2013-02-15 14:27:37',3265,49.99,19.49,73115,1),(3266,'2013-02-15 15:12:38',3266,59.99,22.49,73135,2),(3267,'2013-02-15 16:05:44',3267,59.99,22.49,73175,2),(3268,'2013-02-15 16:22:50',3268,49.99,19.49,73189,1),(3269,'2013-02-15 18:42:26',3269,49.99,19.49,73255,1),(3270,'2013-02-15 18:45:43',3270,59.99,22.49,73254,2),(3271,'2013-02-15 19:03:31',3271,59.99,22.49,73260,2),(3272,'2013-02-15 19:32:43',3272,49.99,19.49,73271,1),(3273,'2013-02-15 20:21:15',3273,49.99,19.49,73288,1),(3274,'2013-02-16 00:50:52',3274,49.99,19.49,73343,1),(3275,'2013-02-16 00:56:06',3275,49.99,19.49,73345,1),(3276,'2013-02-16 01:23:47',3276,59.99,22.49,73353,2),(3277,'2013-02-16 02:32:17',3277,49.99,19.49,73362,1),(3278,'2013-02-16 06:23:41',3278,49.99,19.49,73384,1),(3279,'2013-02-16 13:09:28',3279,49.99,19.49,73452,1),(3280,'2013-02-16 14:22:14',3280,49.99,19.49,73478,1),(3281,'2013-02-16 14:24:01',3281,59.99,22.49,73473,2),(3282,'2013-02-16 14:25:58',3282,49.99,19.49,73476,1),(3283,'2013-02-16 15:35:04',3283,59.99,22.49,73493,2),(3284,'2013-02-16 16:06:12',3284,59.99,22.49,73500,2),(3285,'2013-02-16 17:05:39',3285,49.99,19.49,73513,1),(3286,'2013-02-16 17:08:06',3286,49.99,19.49,73511,1),(3287,'2013-02-16 19:03:10',3287,49.99,19.49,73536,1),(3288,'2013-02-16 21:44:25',3288,49.99,19.49,73561,1),(3289,'2013-02-16 22:23:49',3289,49.99,19.49,73565,1),(3290,'2013-02-16 23:30:40',3290,49.99,19.49,73578,1),(3291,'2013-02-16 23:31:21',3291,49.99,19.49,73579,1),(3292,'2013-02-17 00:35:13',3292,49.99,19.49,73590,1),(3293,'2013-02-17 01:13:17',3293,49.99,19.49,73594,1),(3294,'2013-02-17 01:34:14',3294,49.99,19.49,73597,1),(3295,'2013-02-17 04:36:30',3295,49.99,19.49,73603,1),(3296,'2013-02-17 10:43:33',3296,49.99,19.49,73626,1),(3297,'2013-02-17 19:58:52',3297,49.99,19.49,73669,1),(3298,'2013-02-17 21:02:53',3298,49.99,19.49,73677,1),(3299,'2013-02-17 21:03:16',3299,59.99,22.49,73676,2),(3300,'2013-02-17 21:31:56',3300,49.99,19.49,73682,1),(3301,'2013-02-18 01:36:14',3301,49.99,19.49,73706,1),(3302,'2013-02-18 01:48:33',3302,49.99,19.49,73709,1),(3303,'2013-02-18 07:22:06',3303,49.99,19.49,73728,1),(3304,'2013-02-18 07:59:22',3304,49.99,19.49,73735,1),(3305,'2013-02-18 12:24:49',3305,49.99,19.49,73788,1),(3306,'2013-02-18 13:09:14',3306,49.99,19.49,73792,1),(3307,'2013-02-18 14:45:57',3307,59.99,22.49,73819,2),(3308,'2013-02-18 15:04:22',3308,49.99,19.49,73823,1),(3309,'2013-02-18 15:41:57',3309,59.99,22.49,73830,2),(3310,'2013-02-18 17:01:28',3310,49.99,19.49,73845,1),(3311,'2013-02-18 17:47:22',3311,49.99,19.49,73858,1),(3312,'2013-02-18 18:17:11',3312,49.99,19.49,73866,1),(3313,'2013-02-18 23:16:39',3313,49.99,19.49,73900,1),(3314,'2013-02-18 23:35:44',3314,49.99,19.49,73904,1),(3315,'2013-02-19 00:15:30',3315,49.99,19.49,73908,1),(3316,'2013-02-19 05:46:28',3316,49.99,19.49,73927,1),(3317,'2013-02-19 07:32:19',3317,49.99,19.49,73936,1),(3318,'2013-02-19 11:13:40',3318,49.99,19.49,73984,1),(3319,'2013-02-19 12:53:58',3319,49.99,19.49,74004,1),(3320,'2013-02-19 12:54:25',3320,49.99,19.49,74006,1),(3321,'2013-02-19 13:22:00',3321,49.99,19.49,74010,1),(3322,'2013-02-19 13:44:22',3322,49.99,19.49,74021,1),(3323,'2013-02-19 15:20:57',3323,59.99,22.49,74045,2),(3324,'2013-02-19 15:29:24',3324,49.99,19.49,74048,1),(3325,'2013-02-19 16:10:37',3325,59.99,22.49,74058,2),(3326,'2013-02-19 16:27:05',3326,49.99,19.49,74064,1),(3327,'2013-02-19 16:38:31',3327,49.99,19.49,74067,1),(3328,'2013-02-19 16:56:52',3328,49.99,19.49,74071,1),(3329,'2013-02-19 22:05:26',3329,49.99,19.49,74131,1),(3330,'2013-02-19 23:26:27',3330,49.99,19.49,74143,1),(3331,'2013-02-20 01:43:17',3331,49.99,19.49,74156,1),(3332,'2013-02-20 06:25:29',3332,49.99,19.49,74177,1),(3333,'2013-02-20 08:07:13',3333,49.99,19.49,74180,1),(3334,'2013-02-20 08:29:37',3334,49.99,19.49,74187,1),(3335,'2013-02-20 09:02:40',3335,49.99,19.49,74193,1),(3336,'2013-02-20 09:18:11',3336,49.99,19.49,74199,1),(3337,'2013-02-20 11:24:35',3337,49.99,19.49,74227,1),(3338,'2013-02-20 11:26:31',3338,59.99,22.49,74235,2),(3339,'2013-02-20 14:03:31',3339,49.99,19.49,74281,1),(3340,'2013-02-20 15:14:45',3340,49.99,19.49,74295,1),(3341,'2013-02-20 17:23:25',3341,49.99,19.49,74326,1),(3342,'2013-02-20 19:27:12',3342,49.99,19.49,74352,1),(3343,'2013-02-20 20:31:46',3343,49.99,19.49,74363,1),(3344,'2013-02-20 21:03:22',3344,49.99,19.49,74369,1),(3345,'2013-02-20 22:45:51',3345,49.99,19.49,74390,1),(3346,'2013-02-21 00:13:17',3346,49.99,19.49,74403,1),(3347,'2013-02-21 07:37:06',3347,49.99,19.49,74436,1),(3348,'2013-02-21 08:22:12',3348,49.99,19.49,74439,1),(3349,'2013-02-21 12:16:40',3349,49.99,19.49,74504,1),(3350,'2013-02-21 12:19:11',3350,49.99,19.49,74503,1),(3351,'2013-02-21 12:29:21',3351,49.99,19.49,74511,1),(3352,'2013-02-21 12:30:32',3352,49.99,19.49,74508,1),(3353,'2013-02-21 13:55:50',3353,49.99,19.49,74542,1),(3354,'2013-02-21 14:31:37',3354,49.99,19.49,74552,1),(3355,'2013-02-21 16:03:31',3355,49.99,19.49,74585,1),(3356,'2013-02-21 16:29:55',3356,49.99,19.49,74594,1),(3357,'2013-02-21 16:30:20',3357,49.99,19.49,74591,1),(3358,'2013-02-21 17:19:04',3358,49.99,19.49,74610,1),(3359,'2013-02-21 19:42:48',3359,49.99,19.49,74628,1),(3360,'2013-02-21 22:00:03',3360,49.99,19.49,74641,1),(3361,'2013-02-21 23:21:11',3361,49.99,19.49,74646,1),(3362,'2013-02-21 23:59:17',3362,49.99,19.49,74649,1),(3363,'2013-02-22 00:12:54',3363,49.99,19.49,74653,1),(3364,'2013-02-22 02:41:00',3364,49.99,19.49,74666,1),(3365,'2013-02-22 02:43:59',3365,49.99,19.49,74665,1),(3366,'2013-02-22 09:08:46',3366,49.99,19.49,74694,1),(3367,'2013-02-22 10:41:31',3367,59.99,22.49,74711,2),(3368,'2013-02-22 11:58:30',3368,49.99,19.49,74730,1),(3369,'2013-02-22 12:44:18',3369,49.99,19.49,74735,1),(3370,'2013-02-22 13:56:09',3370,49.99,19.49,74747,1),(3371,'2013-02-22 13:56:36',3371,49.99,19.49,74746,1),(3372,'2013-02-22 15:28:09',3372,49.99,19.49,74771,1),(3373,'2013-02-22 15:29:03',3373,49.99,19.49,74772,1),(3374,'2013-02-22 15:33:34',3374,59.99,22.49,74773,2),(3375,'2013-02-22 16:17:46',3375,49.99,19.49,74778,1),(3376,'2013-02-22 16:46:13',3376,59.99,22.49,74780,2),(3377,'2013-02-22 17:17:42',3377,49.99,19.49,74793,1),(3378,'2013-02-22 19:50:17',3378,49.99,19.49,74821,1),(3379,'2013-02-22 19:56:53',3379,49.99,19.49,74823,1),(3380,'2013-02-23 04:34:35',3380,49.99,19.49,74870,1),(3381,'2013-02-23 08:34:18',3381,49.99,19.49,74883,1),(3382,'2013-02-23 09:36:10',3382,49.99,19.49,74889,1),(3383,'2013-02-23 10:19:39',3383,49.99,19.49,74893,1),(3384,'2013-02-23 14:35:27',3384,49.99,19.49,74915,1),(3385,'2013-02-23 14:58:23',3385,49.99,19.49,74919,1),(3386,'2013-02-23 16:40:02',3386,49.99,19.49,74933,1),(3387,'2013-02-23 17:48:38',3387,49.99,19.49,74939,1),(3388,'2013-02-23 17:59:22',3388,49.99,19.49,74940,1),(3389,'2013-02-24 00:18:18',3389,49.99,19.49,74967,1),(3390,'2013-02-24 04:09:17',3390,49.99,19.49,74978,1),(3391,'2013-02-24 09:50:50',3391,49.99,19.49,74989,1),(3392,'2013-02-24 11:03:49',3392,49.99,19.49,75000,1),(3393,'2013-02-24 18:47:08',3393,49.99,19.49,75034,1),(3394,'2013-02-24 22:00:54',3394,49.99,19.49,75058,1),(3395,'2013-02-24 22:35:38',3395,49.99,19.49,75060,1),(3396,'2013-02-24 23:13:15',3396,49.99,19.49,75064,1),(3397,'2013-02-25 06:51:14',3397,49.99,19.49,75106,1),(3398,'2013-02-25 08:00:27',3398,49.99,19.49,75112,1),(3399,'2013-02-25 08:30:32',3399,49.99,19.49,75114,1),(3400,'2013-02-25 09:10:24',3400,49.99,19.49,75122,1),(3401,'2013-02-25 11:58:07',3401,59.99,22.49,75166,2),(3402,'2013-02-25 12:32:08',3402,49.99,19.49,75176,1),(3403,'2013-02-25 12:56:02',3403,49.99,19.49,75181,1),(3404,'2013-02-25 13:14:15',3404,49.99,19.49,75190,1),(3405,'2013-02-25 13:28:28',3405,49.99,19.49,75194,1),(3406,'2013-02-25 14:33:02',3406,49.99,19.49,75210,1),(3407,'2013-02-25 14:55:11',3407,49.99,19.49,75219,1),(3408,'2013-02-25 15:47:02',3408,59.99,22.49,75233,2),(3409,'2013-02-25 15:52:40',3409,49.99,19.49,75232,1),(3410,'2013-02-25 16:15:38',3410,59.99,22.49,75238,2),(3411,'2013-02-25 16:35:55',3411,49.99,19.49,75247,1),(3412,'2013-02-25 16:50:43',3412,49.99,19.49,75249,1),(3413,'2013-02-25 19:01:49',3413,59.99,22.49,75274,2),(3414,'2013-02-25 20:10:35',3414,49.99,19.49,75287,1),(3415,'2013-02-25 22:36:51',3415,49.99,19.49,75304,1),(3416,'2013-02-26 03:44:42',3416,49.99,19.49,75324,1),(3417,'2013-02-26 04:23:47',3417,49.99,19.49,75329,1),(3418,'2013-02-26 08:59:06',3418,59.99,22.49,75354,2),(3419,'2013-02-26 09:56:41',3419,49.99,19.49,75360,1),(3420,'2013-02-26 11:31:18',3420,59.99,22.49,75378,2),(3421,'2013-02-26 11:54:41',3421,49.99,19.49,75383,1),(3422,'2013-02-26 12:42:54',3422,49.99,19.49,75393,1),(3423,'2013-02-26 14:53:10',3423,49.99,19.49,75426,1),(3424,'2013-02-26 15:21:29',3424,49.99,19.49,75440,1),(3425,'2013-02-26 16:12:30',3425,49.99,19.49,75454,1),(3426,'2013-02-26 18:46:21',3426,49.99,19.49,75489,1),(3427,'2013-02-26 19:59:46',3427,49.99,19.49,75501,1),(3428,'2013-02-26 20:56:40',3428,49.99,19.49,75507,1),(3429,'2013-02-26 21:50:44',3429,59.99,22.49,75515,2),(3430,'2013-02-27 00:36:42',3430,49.99,19.49,75530,1),(3431,'2013-02-27 01:14:42',3431,59.99,22.49,75534,2),(3432,'2013-02-27 01:39:17',3432,49.99,19.49,75538,1),(3433,'2013-02-27 09:09:56',3433,49.99,19.49,75572,1),(3434,'2013-02-27 09:33:11',3434,59.99,22.49,75576,2),(3435,'2013-02-27 10:28:01',3435,49.99,19.49,75590,1),(3436,'2013-02-27 10:28:38',3436,49.99,19.49,75587,1),(3437,'2013-02-27 11:22:57',3437,49.99,19.49,75607,1),(3438,'2013-02-27 12:43:27',3438,49.99,19.49,75630,1),(3439,'2013-02-27 12:47:38',3439,49.99,19.49,75634,1),(3440,'2013-02-27 14:05:39',3440,49.99,19.49,75654,1),(3441,'2013-02-27 14:49:11',3441,59.99,22.49,75670,2),(3442,'2013-02-27 16:29:25',3442,49.99,19.49,75696,1),(3443,'2013-02-27 16:52:41',3443,49.99,19.49,75703,1),(3444,'2013-02-27 18:07:22',3444,49.99,19.49,75725,1),(3445,'2013-02-27 18:46:32',3445,49.99,19.49,75735,1),(3446,'2013-02-27 22:14:39',3446,49.99,19.49,75765,1),(3447,'2013-02-27 22:25:54',3447,49.99,19.49,75766,1),(3448,'2013-02-28 02:35:41',3448,49.99,19.49,75789,1),(3449,'2013-02-28 04:19:18',3449,49.99,19.49,75794,1),(3450,'2013-02-28 04:31:34',3450,49.99,19.49,75796,1),(3451,'2013-02-28 05:32:54',3451,49.99,19.49,75798,1),(3452,'2013-02-28 06:42:06',3452,49.99,19.49,75803,1),(3453,'2013-02-28 09:31:37',3453,59.99,22.49,75824,2),(3454,'2013-02-28 11:05:56',3454,49.99,19.49,75847,1),(3455,'2013-02-28 12:41:28',3455,49.99,19.49,75872,1),(3456,'2013-02-28 12:43:49',3456,59.99,22.49,75873,2),(3457,'2013-02-28 12:54:55',3457,59.99,22.49,75878,2),(3458,'2013-02-28 13:01:41',3458,59.99,22.49,75879,2),(3459,'2013-02-28 13:45:29',3459,49.99,19.49,75895,1),(3460,'2013-02-28 13:47:04',3460,49.99,19.49,75898,1),(3461,'2013-02-28 13:54:10',3461,59.99,22.49,75897,2),(3462,'2013-02-28 15:40:17',3462,49.99,19.49,75929,1),(3463,'2013-02-28 15:41:39',3463,49.99,19.49,75927,1),(3464,'2013-02-28 15:57:46',3464,49.99,19.49,75933,1),(3465,'2013-02-28 17:11:26',3465,49.99,19.49,75946,1),(3466,'2013-02-28 17:47:14',3466,49.99,19.49,75957,1),(3467,'2013-02-28 18:10:36',3467,49.99,19.49,75962,1),(3468,'2013-02-28 18:11:08',3468,49.99,19.49,75964,1),(3469,'2013-02-28 19:45:33',3469,49.99,19.49,75986,1),(3470,'2013-02-28 20:02:08',3470,49.99,19.49,75990,1),(3471,'2013-02-28 20:59:52',3471,49.99,19.49,75999,1),(3472,'2013-02-28 21:27:33',3472,49.99,19.49,76006,1),(3473,'2013-02-28 22:27:37',3473,59.99,22.49,76017,2),(3474,'2013-02-28 23:21:43',3474,49.99,19.49,76028,1),(3475,'2013-03-01 05:24:08',3475,59.99,22.49,76066,2),(3476,'2013-03-01 11:00:00',3476,49.99,19.49,76110,1),(3477,'2013-03-01 12:44:11',3477,49.99,19.49,76136,1),(3478,'2013-03-01 14:41:26',3478,49.99,19.49,76160,1),(3479,'2013-03-01 16:15:59',3479,49.99,19.49,76173,1),(3480,'2013-03-01 18:08:27',3480,49.99,19.49,76201,1),(3481,'2013-03-01 18:41:03',3481,49.99,19.49,76208,1),(3482,'2013-03-01 19:15:32',3482,49.99,19.49,76216,1),(3483,'2013-03-02 04:30:17',3483,49.99,19.49,76262,1),(3484,'2013-03-02 22:18:56',3484,49.99,19.49,76344,1),(3485,'2013-03-02 22:20:16',3485,59.99,22.49,76345,2),(3486,'2013-03-02 23:56:40',3486,49.99,19.49,76350,1),(3487,'2013-03-03 01:49:45',3487,49.99,19.49,76357,1),(3488,'2013-03-03 02:09:18',3488,49.99,19.49,76360,1),(3489,'2013-03-03 09:51:10',3489,49.99,19.49,76380,1),(3490,'2013-03-03 15:25:50',3490,49.99,19.49,76413,1),(3491,'2013-03-03 17:32:13',3491,49.99,19.49,76427,1),(3492,'2013-03-03 17:43:03',3492,49.99,19.49,76428,1),(3493,'2013-03-03 18:02:16',3493,49.99,19.49,76429,1),(3494,'2013-03-03 18:22:45',3494,49.99,19.49,76432,1),(3495,'2013-03-03 20:17:50',3495,49.99,19.49,76445,1),(3496,'2013-03-03 22:19:38',3496,49.99,19.49,76464,1),(3497,'2013-03-04 05:48:59',3497,49.99,19.49,76499,1),(3498,'2013-03-04 07:40:49',3498,49.99,19.49,76510,1),(3499,'2013-03-04 08:26:57',3499,59.99,22.49,76516,2),(3500,'2013-03-04 12:16:40',3500,49.99,19.49,76562,1),(3501,'2013-03-04 13:12:10',3501,49.99,19.49,76579,1),(3502,'2013-03-04 13:30:17',3502,49.99,19.49,76585,1),(3503,'2013-03-04 13:49:41',3503,59.99,22.49,76587,2),(3504,'2013-03-04 13:50:09',3504,59.99,22.49,76588,2),(3505,'2013-03-04 14:15:43',3505,49.99,19.49,76592,1),(3506,'2013-03-04 16:28:53',3506,49.99,19.49,76616,1),(3507,'2013-03-04 16:51:17',3507,59.99,22.49,76624,2),(3508,'2013-03-04 19:08:33',3508,49.99,19.49,76653,1),(3509,'2013-03-04 19:38:42',3509,49.99,19.49,76659,1),(3510,'2013-03-04 19:45:05',3510,49.99,19.49,76660,1),(3511,'2013-03-04 22:32:58',3511,59.99,22.49,76690,2),(3512,'2013-03-04 23:00:02',3512,49.99,19.49,76695,1),(3513,'2013-03-04 23:15:12',3513,49.99,19.49,76697,1),(3514,'2013-03-05 01:11:26',3514,49.99,19.49,76711,1),(3515,'2013-03-05 05:24:12',3515,49.99,19.49,76733,1),(3516,'2013-03-05 09:45:13',3516,59.99,22.49,76761,2),(3517,'2013-03-05 10:58:45',3517,49.99,19.49,76786,1),(3518,'2013-03-05 11:21:14',3518,49.99,19.49,76792,1),(3519,'2013-03-05 11:26:01',3519,59.99,22.49,76794,2),(3520,'2013-03-05 12:20:07',3520,49.99,19.49,76807,1),(3521,'2013-03-05 12:48:27',3521,49.99,19.49,76817,1),(3522,'2013-03-05 13:42:42',3522,49.99,19.49,76840,1),(3523,'2013-03-05 14:14:12',3523,49.99,19.49,76846,1),(3524,'2013-03-05 16:47:00',3524,49.99,19.49,76875,1),(3525,'2013-03-05 16:52:48',3525,49.99,19.49,76880,1),(3526,'2013-03-05 17:04:41',3526,49.99,19.49,76882,1),(3527,'2013-03-05 23:28:53',3527,49.99,19.49,76950,1),(3528,'2013-03-05 23:53:45',3528,49.99,19.49,76954,1),(3529,'2013-03-06 00:41:42',3529,59.99,22.49,76959,2),(3530,'2013-03-06 00:51:52',3530,49.99,19.49,76965,1),(3531,'2013-03-06 00:51:57',3531,49.99,19.49,76963,1),(3532,'2013-03-06 01:49:47',3532,59.99,22.49,76968,2),(3533,'2013-03-06 06:02:21',3533,49.99,19.49,76982,1),(3534,'2013-03-06 06:26:02',3534,59.99,22.49,76985,2),(3535,'2013-03-06 10:37:32',3535,49.99,19.49,77032,1),(3536,'2013-03-06 10:45:49',3536,49.99,19.49,77034,1),(3537,'2013-03-06 11:25:08',3537,49.99,19.49,77046,1),(3538,'2013-03-06 12:38:45',3538,49.99,19.49,77068,1),(3539,'2013-03-06 13:55:09',3539,59.99,22.49,77095,2),(3540,'2013-03-06 15:32:55',3540,49.99,19.49,77112,1),(3541,'2013-03-06 16:03:18',3541,49.99,19.49,77123,1),(3542,'2013-03-06 16:35:14',3542,59.99,22.49,77134,2),(3543,'2013-03-06 17:05:25',3543,49.99,19.49,77146,1),(3544,'2013-03-06 18:29:29',3544,49.99,19.49,77171,1),(3545,'2013-03-06 19:12:53',3545,49.99,19.49,77177,1),(3546,'2013-03-06 19:55:15',3546,49.99,19.49,77183,1),(3547,'2013-03-06 20:13:43',3547,49.99,19.49,77187,1),(3548,'2013-03-06 22:12:08',3548,49.99,19.49,77210,1),(3549,'2013-03-06 22:12:35',3549,49.99,19.49,77213,1),(3550,'2013-03-07 00:26:45',3550,49.99,19.49,77229,1),(3551,'2013-03-07 01:44:08',3551,49.99,19.49,77234,1),(3552,'2013-03-07 07:23:50',3552,49.99,19.49,77252,1),(3553,'2013-03-07 09:22:05',3553,49.99,19.49,77274,1),(3554,'2013-03-07 14:40:03',3554,49.99,19.49,77366,1),(3555,'2013-03-07 15:00:14',3555,49.99,19.49,77372,1),(3556,'2013-03-07 15:47:30',3556,59.99,22.49,77392,2),(3557,'2013-03-07 17:54:32',3557,49.99,19.49,77430,1),(3558,'2013-03-07 18:14:04',3558,49.99,19.49,77432,1),(3559,'2013-03-07 21:39:42',3559,49.99,19.49,77471,1),(3560,'2013-03-08 06:21:40',3560,49.99,19.49,77516,1),(3561,'2013-03-08 08:45:39',3561,49.99,19.49,77532,1),(3562,'2013-03-08 11:30:06',3562,49.99,19.49,77564,1),(3563,'2013-03-08 15:28:22',3563,59.99,22.49,77624,2),(3564,'2013-03-08 15:36:38',3564,49.99,19.49,77628,1),(3565,'2013-03-08 16:35:06',3565,49.99,19.49,77647,1),(3566,'2013-03-08 23:53:38',3566,49.99,19.49,77693,1),(3567,'2013-03-09 03:46:45',3567,49.99,19.49,77719,1),(3568,'2013-03-09 06:05:02',3568,49.99,19.49,77725,1),(3569,'2013-03-09 10:08:47',3569,49.99,19.49,77741,1),(3570,'2013-03-09 13:12:51',3570,49.99,19.49,77765,1),(3571,'2013-03-09 17:30:14',3571,49.99,19.49,77793,1),(3572,'2013-03-09 23:48:20',3572,49.99,19.49,77820,1),(3573,'2013-03-09 23:49:01',3573,49.99,19.49,77819,1),(3574,'2013-03-10 08:12:42',3574,49.99,19.49,77847,1),(3575,'2013-03-10 14:20:56',3575,49.99,19.49,77876,1),(3576,'2013-03-10 16:26:06',3576,49.99,19.49,77889,1),(3577,'2013-03-10 20:47:17',3577,49.99,19.49,77917,1),(3578,'2013-03-10 21:33:31',3578,49.99,19.49,77923,1),(3579,'2013-03-10 21:55:32',3579,59.99,22.49,77926,2),(3580,'2013-03-11 01:38:08',3580,49.99,19.49,77944,1),(3581,'2013-03-11 07:17:41',3581,49.99,19.49,77959,1),(3582,'2013-03-11 07:27:40',3582,49.99,19.49,77963,1),(3583,'2013-03-11 08:22:03',3583,59.99,22.49,77969,2),(3584,'2013-03-11 10:06:14',3584,49.99,19.49,77981,1),(3585,'2013-03-11 11:20:07',3585,49.99,19.49,77994,1),(3586,'2013-03-11 11:24:59',3586,59.99,22.49,77998,2),(3587,'2013-03-11 13:05:09',3587,59.99,22.49,78021,2),(3588,'2013-03-11 13:32:56',3588,49.99,19.49,78028,1),(3589,'2013-03-11 14:51:40',3589,59.99,22.49,78049,2),(3590,'2013-03-11 17:53:37',3590,49.99,19.49,78087,1),(3591,'2013-03-11 19:18:48',3591,49.99,19.49,78112,1),(3592,'2013-03-12 09:00:45',3592,49.99,19.49,78191,1),(3593,'2013-03-12 09:04:48',3593,49.99,19.49,78192,1),(3594,'2013-03-12 10:12:22',3594,49.99,19.49,78210,1),(3595,'2013-03-12 12:27:50',3595,59.99,22.49,78239,2),(3596,'2013-03-12 12:35:02',3596,59.99,22.49,78244,2),(3597,'2013-03-12 13:27:02',3597,59.99,22.49,78251,2),(3598,'2013-03-12 14:17:58',3598,49.99,19.49,78264,1),(3599,'2013-03-12 15:16:00',3599,59.99,22.49,78281,2),(3600,'2013-03-12 15:39:57',3600,49.99,19.49,78288,1),(3601,'2013-03-12 16:09:49',3601,49.99,19.49,78292,1),(3602,'2013-03-12 18:30:45',3602,49.99,19.49,78328,1),(3603,'2013-03-12 18:46:01',3603,49.99,19.49,78331,1),(3604,'2013-03-12 20:43:21',3604,59.99,22.49,78352,2),(3605,'2013-03-12 21:37:06',3605,49.99,19.49,78363,1),(3606,'2013-03-13 08:42:16',3606,49.99,19.49,78414,1),(3607,'2013-03-13 09:16:03',3607,49.99,19.49,78420,1),(3608,'2013-03-13 09:33:01',3608,49.99,19.49,78422,1),(3609,'2013-03-13 11:08:22',3609,49.99,19.49,78454,1),(3610,'2013-03-13 11:59:46',3610,59.99,22.49,78468,2),(3611,'2013-03-13 13:27:49',3611,49.99,19.49,78497,1),(3612,'2013-03-13 17:05:17',3612,49.99,19.49,78547,1),(3613,'2013-03-13 17:55:17',3613,49.99,19.49,78555,1),(3614,'2013-03-13 17:58:40',3614,49.99,19.49,78556,1),(3615,'2013-03-13 19:32:38',3615,59.99,22.49,78576,2),(3616,'2013-03-13 20:51:17',3616,49.99,19.49,78592,1),(3617,'2013-03-13 22:13:35',3617,49.99,19.49,78601,1),(3618,'2013-03-13 22:42:14',3618,59.99,22.49,78606,2),(3619,'2013-03-13 22:51:40',3619,49.99,19.49,78608,1),(3620,'2013-03-13 23:38:15',3620,49.99,19.49,78611,1),(3621,'2013-03-14 00:22:56',3621,59.99,22.49,78613,2),(3622,'2013-03-14 01:41:27',3622,49.99,19.49,78622,1),(3623,'2013-03-14 03:49:37',3623,49.99,19.49,78628,1),(3624,'2013-03-14 06:38:28',3624,49.99,19.49,78639,1),(3625,'2013-03-14 10:23:31',3625,49.99,19.49,78673,1),(3626,'2013-03-14 10:38:08',3626,49.99,19.49,78676,1),(3627,'2013-03-14 12:01:12',3627,49.99,19.49,78697,1),(3628,'2013-03-14 13:22:59',3628,49.99,19.49,78720,1),(3629,'2013-03-14 14:29:35',3629,49.99,19.49,78739,1),(3630,'2013-03-14 15:07:18',3630,49.99,19.49,78748,1),(3631,'2013-03-14 16:11:50',3631,49.99,19.49,78760,1),(3632,'2013-03-14 16:39:53',3632,49.99,19.49,78772,1),(3633,'2013-03-14 21:17:09',3633,49.99,19.49,78817,1),(3634,'2013-03-15 02:07:47',3634,59.99,22.49,78843,2),(3635,'2013-03-15 08:06:50',3635,49.99,19.49,78856,1),(3636,'2013-03-15 08:22:43',3636,49.99,19.49,78858,1),(3637,'2013-03-15 08:57:16',3637,49.99,19.49,78862,1),(3638,'2013-03-15 09:29:55',3638,59.99,22.49,78866,2),(3639,'2013-03-15 10:25:36',3639,49.99,19.49,78881,1),(3640,'2013-03-15 10:27:59',3640,49.99,19.49,78882,1),(3641,'2013-03-15 11:45:27',3641,49.99,19.49,78898,1),(3642,'2013-03-15 12:39:42',3642,49.99,19.49,78914,1),(3643,'2013-03-15 14:12:15',3643,49.99,19.49,78932,1),(3644,'2013-03-15 14:38:38',3644,49.99,19.49,78941,1),(3645,'2013-03-15 16:06:48',3645,49.99,19.49,78961,1),(3646,'2013-03-15 18:11:18',3646,49.99,19.49,78997,1),(3647,'2013-03-15 18:31:51',3647,49.99,19.49,79000,1),(3648,'2013-03-15 19:29:18',3648,49.99,19.49,79011,1),(3649,'2013-03-15 19:50:05',3649,49.99,19.49,79014,1),(3650,'2013-03-15 20:00:20',3650,59.99,22.49,79016,2),(3651,'2013-03-15 21:34:45',3651,49.99,19.49,79025,1),(3652,'2013-03-15 21:48:01',3652,49.99,19.49,79027,1),(3653,'2013-03-16 07:01:26',3653,49.99,19.49,79052,1),(3654,'2013-03-16 10:35:57',3654,59.99,22.49,79069,2),(3655,'2013-03-16 16:41:42',3655,49.99,19.49,79110,1),(3656,'2013-03-16 16:43:58',3656,49.99,19.49,79112,1),(3657,'2013-03-16 21:56:06',3657,49.99,19.49,79141,1),(3658,'2013-03-16 23:32:38',3658,49.99,19.49,79148,1),(3659,'2013-03-17 09:27:54',3659,59.99,22.49,79173,2),(3660,'2013-03-17 13:04:29',3660,49.99,19.49,79187,1),(3661,'2013-03-17 16:26:52',3661,49.99,19.49,79208,1),(3662,'2013-03-17 17:54:29',3662,49.99,19.49,79215,1),(3663,'2013-03-17 18:07:01',3663,49.99,19.49,79217,1),(3664,'2013-03-17 23:16:09',3664,49.99,19.49,79258,1),(3665,'2013-03-18 00:33:30',3665,49.99,19.49,79269,1),(3666,'2013-03-18 05:11:47',3666,49.99,19.49,79285,1),(3667,'2013-03-18 07:09:42',3667,49.99,19.49,79294,1),(3668,'2013-03-18 09:35:45',3668,49.99,19.49,79312,1),(3669,'2013-03-18 11:12:26',3669,59.99,22.49,79333,2),(3670,'2013-03-18 11:28:35',3670,49.99,19.49,79338,1),(3671,'2013-03-18 12:34:46',3671,49.99,19.49,79353,1),(3672,'2013-03-18 16:18:15',3672,49.99,19.49,79398,1),(3673,'2013-03-18 16:37:41',3673,59.99,22.49,79403,2),(3674,'2013-03-18 17:45:32',3674,49.99,19.49,79419,1),(3675,'2013-03-18 19:12:41',3675,59.99,22.49,79444,2),(3676,'2013-03-18 19:24:28',3676,49.99,19.49,79445,1),(3677,'2013-03-19 04:31:06',3677,59.99,22.49,79503,2),(3678,'2013-03-19 09:39:51',3678,49.99,19.49,79534,1),(3679,'2013-03-19 10:40:20',3679,49.99,19.49,79545,1),(3680,'2013-03-19 10:56:44',3680,49.99,19.49,79549,1),(3681,'2013-03-19 11:16:23',3681,49.99,19.49,79558,1),(3682,'2013-03-19 11:46:51',3682,49.99,19.49,79571,1),(3683,'2013-03-19 13:11:03',3683,49.99,19.49,79590,1),(3684,'2013-03-19 13:16:31',3684,49.99,19.49,79592,1),(3685,'2013-03-19 13:51:46',3685,49.99,19.49,79600,1),(3686,'2013-03-19 16:07:53',3686,49.99,19.49,79640,1),(3687,'2013-03-19 17:08:26',3687,49.99,19.49,79653,1),(3688,'2013-03-19 18:24:28',3688,49.99,19.49,79673,1),(3689,'2013-03-19 20:02:35',3689,49.99,19.49,79688,1),(3690,'2013-03-19 20:13:23',3690,49.99,19.49,79692,1),(3691,'2013-03-20 12:53:15',3691,59.99,22.49,79840,2),(3692,'2013-03-20 13:31:08',3692,59.99,22.49,79850,2),(3693,'2013-03-20 14:31:40',3693,49.99,19.49,79863,1),(3694,'2013-03-20 14:43:44',3694,49.99,19.49,79867,1),(3695,'2013-03-20 16:52:39',3695,49.99,19.49,79902,1),(3696,'2013-03-20 18:27:03',3696,49.99,19.49,79919,1),(3697,'2013-03-20 18:37:02',3697,49.99,19.49,79924,1),(3698,'2013-03-20 19:18:15',3698,49.99,19.49,79929,1),(3699,'2013-03-20 20:58:31',3699,59.99,22.49,79945,2),(3700,'2013-03-21 09:49:41',3700,49.99,19.49,80021,1),(3701,'2013-03-21 10:15:00',3701,49.99,19.49,80028,1),(3702,'2013-03-21 11:11:28',3702,49.99,19.49,80046,1),(3703,'2013-03-21 12:16:28',3703,49.99,19.49,80064,1),(3704,'2013-03-21 14:44:42',3704,49.99,19.49,80098,1),(3705,'2013-03-21 15:15:15',3705,59.99,22.49,80109,2),(3706,'2013-03-21 16:21:39',3706,49.99,19.49,80121,1),(3707,'2013-03-21 17:36:41',3707,49.99,19.49,80143,1),(3708,'2013-03-21 20:34:34',3708,49.99,19.49,80167,1),(3709,'2013-03-21 21:52:39',3709,49.99,19.49,80175,1),(3710,'2013-03-21 22:07:45',3710,49.99,19.49,80178,1),(3711,'2013-03-21 22:37:48',3711,49.99,19.49,80187,1),(3712,'2013-03-22 01:17:29',3712,49.99,19.49,80199,1),(3713,'2013-03-22 06:23:05',3713,49.99,19.49,80217,1),(3714,'2013-03-22 06:27:08',3714,49.99,19.49,80219,1),(3715,'2013-03-22 06:58:32',3715,59.99,22.49,80221,2),(3716,'2013-03-22 09:33:19',3716,49.99,19.49,80242,1),(3717,'2013-03-22 11:45:22',3717,49.99,19.49,80289,1),(3718,'2013-03-22 11:49:33',3718,49.99,19.49,80288,1),(3719,'2013-03-22 14:01:18',3719,49.99,19.49,80324,1),(3720,'2013-03-22 15:51:08',3720,49.99,19.49,80353,1),(3721,'2013-03-22 16:04:39',3721,49.99,19.49,80358,1),(3722,'2013-03-22 16:05:20',3722,59.99,22.49,80356,2),(3723,'2013-03-22 16:35:06',3723,49.99,19.49,80368,1),(3724,'2013-03-22 16:47:01',3724,49.99,19.49,80370,1),(3725,'2013-03-22 16:55:39',3725,49.99,19.49,80373,1),(3726,'2013-03-22 20:09:36',3726,49.99,19.49,80409,1),(3727,'2013-03-22 22:31:56',3727,49.99,19.49,80420,1),(3728,'2013-03-22 22:50:40',3728,49.99,19.49,80422,1),(3729,'2013-03-23 04:09:13',3729,49.99,19.49,80440,1),(3730,'2013-03-23 09:14:39',3730,49.99,19.49,80450,1),(3731,'2013-03-23 20:20:07',3731,49.99,19.49,80523,1),(3732,'2013-03-24 08:01:59',3732,49.99,19.49,80565,1),(3733,'2013-03-24 08:25:54',3733,49.99,19.49,80572,1),(3734,'2013-03-24 10:16:40',3734,59.99,22.49,80580,2),(3735,'2013-03-24 11:57:06',3735,49.99,19.49,80588,1),(3736,'2013-03-24 12:51:27',3736,49.99,19.49,80598,1),(3737,'2013-03-24 16:07:31',3737,49.99,19.49,80614,1),(3738,'2013-03-25 00:20:02',3738,49.99,19.49,80673,1),(3739,'2013-03-25 01:08:00',3739,59.99,22.49,80683,2),(3740,'2013-03-25 08:06:20',3740,49.99,19.49,80717,1),(3741,'2013-03-25 08:17:37',3741,49.99,19.49,80719,1),(3742,'2013-03-25 09:19:45',3742,49.99,19.49,80732,1),(3743,'2013-03-25 10:27:32',3743,49.99,19.49,80750,1),(3744,'2013-03-25 10:29:57',3744,49.99,19.49,80753,1),(3745,'2013-03-25 10:38:50',3745,49.99,19.49,80756,1),(3746,'2013-03-25 11:25:28',3746,59.99,22.49,80768,2),(3747,'2013-03-25 11:38:37',3747,59.99,22.49,80774,2),(3748,'2013-03-25 12:50:25',3748,49.99,19.49,80797,1),(3749,'2013-03-25 13:54:30',3749,49.99,19.49,80817,1),(3750,'2013-03-25 14:39:29',3750,49.99,19.49,80833,1),(3751,'2013-03-25 15:22:55',3751,49.99,19.49,80851,1),(3752,'2013-03-25 15:42:38',3752,49.99,19.49,80856,1),(3753,'2013-03-25 16:22:59',3753,49.99,19.49,80866,1),(3754,'2013-03-25 19:58:11',3754,49.99,19.49,80908,1),(3755,'2013-03-25 20:13:06',3755,59.99,22.49,80913,2),(3756,'2013-03-25 20:30:17',3756,49.99,19.49,80914,1),(3757,'2013-03-25 22:10:41',3757,49.99,19.49,80925,1),(3758,'2013-03-25 22:44:54',3758,59.99,22.49,80931,2),(3759,'2013-03-25 23:04:12',3759,49.99,19.49,80937,1),(3760,'2013-03-26 01:25:29',3760,59.99,22.49,80954,2),(3761,'2013-03-26 03:04:30',3761,49.99,19.49,80966,1),(3762,'2013-03-26 04:45:35',3762,49.99,19.49,80973,1),(3763,'2013-03-26 06:25:46',3763,49.99,19.49,80981,1),(3764,'2013-03-26 06:41:53',3764,49.99,19.49,80983,1),(3765,'2013-03-26 11:16:16',3765,59.99,22.49,81024,2),(3766,'2013-03-26 12:23:11',3766,49.99,19.49,81046,1),(3767,'2013-03-26 12:57:21',3767,49.99,19.49,81056,1),(3768,'2013-03-26 14:41:14',3768,49.99,19.49,81085,1),(3769,'2013-03-26 15:46:38',3769,49.99,19.49,81114,1),(3770,'2013-03-26 15:51:46',3770,49.99,19.49,81115,1),(3771,'2013-03-26 16:37:39',3771,49.99,19.49,81131,1),(3772,'2013-03-26 20:07:51',3772,49.99,19.49,81182,1),(3773,'2013-03-26 21:25:00',3773,49.99,19.49,81194,1),(3774,'2013-03-27 00:06:49',3774,49.99,19.49,81213,1),(3775,'2013-03-27 01:07:16',3775,49.99,19.49,81220,1),(3776,'2013-03-27 01:58:52',3776,49.99,19.49,81224,1),(3777,'2013-03-27 02:35:20',3777,59.99,22.49,81233,2),(3778,'2013-03-27 03:23:47',3778,59.99,22.49,81238,2),(3779,'2013-03-27 10:21:12',3779,49.99,19.49,81292,1),(3780,'2013-03-27 10:36:37',3780,49.99,19.49,81297,1),(3781,'2013-03-27 11:26:47',3781,59.99,22.49,81315,2),(3782,'2013-03-27 11:52:51',3782,49.99,19.49,81322,1),(3783,'2013-03-27 11:54:09',3783,49.99,19.49,81321,1),(3784,'2013-03-27 12:01:42',3784,49.99,19.49,81328,1),(3785,'2013-03-27 12:36:46',3785,49.99,19.49,81343,1),(3786,'2013-03-27 13:23:25',3786,49.99,19.49,81356,1),(3787,'2013-03-27 13:33:55',3787,49.99,19.49,81357,1),(3788,'2013-03-27 14:41:07',3788,49.99,19.49,81377,1),(3789,'2013-03-27 15:21:08',3789,49.99,19.49,81384,1),(3790,'2013-03-27 16:10:59',3790,49.99,19.49,81405,1),(3791,'2013-03-27 16:26:15',3791,49.99,19.49,81408,1),(3792,'2013-03-27 17:18:08',3792,49.99,19.49,81427,1),(3793,'2013-03-27 17:34:04',3793,49.99,19.49,81438,1),(3794,'2013-03-27 18:05:39',3794,49.99,19.49,81443,1),(3795,'2013-03-27 20:03:08',3795,49.99,19.49,81470,1),(3796,'2013-03-27 20:50:43',3796,49.99,19.49,81483,1),(3797,'2013-03-27 22:38:03',3797,49.99,19.49,81498,1),(3798,'2013-03-27 23:42:14',3798,59.99,22.49,81505,2),(3799,'2013-03-28 00:16:50',3799,49.99,19.49,81508,1),(3800,'2013-03-28 02:47:47',3800,49.99,19.49,81523,1),(3801,'2013-03-28 03:20:17',3801,49.99,19.49,81526,1),(3802,'2013-03-28 04:08:45',3802,49.99,19.49,81529,1),(3803,'2013-03-28 08:05:39',3803,49.99,19.49,81556,1),(3804,'2013-03-28 08:28:09',3804,49.99,19.49,81562,1),(3805,'2013-03-28 09:37:51',3805,59.99,22.49,81574,2),(3806,'2013-03-28 11:52:14',3806,49.99,19.49,81627,1),(3807,'2013-03-28 14:08:15',3807,49.99,19.49,81667,1),(3808,'2013-03-28 14:52:34',3808,59.99,22.49,81679,2),(3809,'2013-03-28 16:05:32',3809,49.99,19.49,81706,1),(3810,'2013-03-28 16:10:35',3810,49.99,19.49,81709,1),(3811,'2013-03-28 16:56:35',3811,49.99,19.49,81722,1),(3812,'2013-03-28 17:03:04',3812,49.99,19.49,81725,1),(3813,'2013-03-28 17:11:31',3813,49.99,19.49,81729,1),(3814,'2013-03-28 18:38:39',3814,49.99,19.49,81753,1),(3815,'2013-03-28 19:34:24',3815,49.99,19.49,81764,1),(3816,'2013-03-28 20:25:17',3816,49.99,19.49,81776,1),(3817,'2013-03-28 22:42:02',3817,59.99,22.49,81791,2),(3818,'2013-03-29 06:41:01',3818,49.99,19.49,81832,1),(3819,'2013-03-29 06:52:29',3819,49.99,19.49,81835,1),(3820,'2013-03-29 10:26:00',3820,49.99,19.49,81875,1),(3821,'2013-03-29 11:48:09',3821,49.99,19.49,81892,1),(3822,'2013-03-29 11:57:49',3822,49.99,19.49,81895,1),(3823,'2013-03-29 13:23:53',3823,49.99,19.49,81926,1),(3824,'2013-03-29 14:13:31',3824,49.99,19.49,81941,1),(3825,'2013-03-29 14:24:58',3825,59.99,22.49,81948,2),(3826,'2013-03-29 14:45:31',3826,49.99,19.49,81952,1),(3827,'2013-03-29 16:10:38',3827,49.99,19.49,81974,1),(3828,'2013-03-29 16:35:21',3828,49.99,19.49,81982,1),(3829,'2013-03-29 16:53:37',3829,49.99,19.49,81990,1),(3830,'2013-03-29 17:01:59',3830,49.99,19.49,81993,1),(3831,'2013-03-29 17:43:32',3831,49.99,19.49,82006,1),(3832,'2013-03-29 17:54:25',3832,49.99,19.49,82011,1),(3833,'2013-03-29 18:02:33',3833,49.99,19.49,82010,1),(3834,'2013-03-29 18:05:40',3834,49.99,19.49,82013,1),(3835,'2013-03-29 18:35:37',3835,49.99,19.49,82020,1),(3836,'2013-03-29 19:48:01',3836,49.99,19.49,82026,1),(3837,'2013-03-29 21:10:18',3837,49.99,19.49,82036,1),(3838,'2013-03-30 00:20:27',3838,49.99,19.49,82056,1),(3839,'2013-03-30 01:07:35',3839,59.99,22.49,82062,2),(3840,'2013-03-30 04:40:35',3840,49.99,19.49,82074,1),(3841,'2013-03-30 08:07:16',3841,49.99,19.49,82083,1),(3842,'2013-03-30 11:10:42',3842,59.99,22.49,82110,2),(3843,'2013-03-30 12:06:53',3843,49.99,19.49,82119,1),(3844,'2013-03-30 12:43:46',3844,49.99,19.49,82124,1),(3845,'2013-03-30 13:22:57',3845,49.99,19.49,82130,1),(3846,'2013-03-30 14:12:16',3846,49.99,19.49,82134,1),(3847,'2013-03-30 15:09:04',3847,49.99,19.49,82137,1),(3848,'2013-03-30 16:16:39',3848,49.99,19.49,82142,1),(3849,'2013-03-30 16:49:47',3849,49.99,19.49,82146,1),(3850,'2013-03-30 20:56:47',3850,49.99,19.49,82163,1),(3851,'2013-03-30 22:44:42',3851,49.99,19.49,82172,1),(3852,'2013-03-30 23:14:10',3852,59.99,22.49,82176,2),(3853,'2013-03-31 00:45:20',3853,49.99,19.49,82183,1),(3854,'2013-03-31 03:53:24',3854,49.99,19.49,82191,1),(3855,'2013-03-31 09:59:37',3855,49.99,19.49,82205,1),(3856,'2013-03-31 10:35:49',3856,49.99,19.49,82209,1),(3857,'2013-03-31 12:23:45',3857,49.99,19.49,82219,1),(3858,'2013-03-31 17:48:32',3858,59.99,22.49,82258,2),(3859,'2013-03-31 19:12:53',3859,49.99,19.49,82267,1);
/*!40000 ALTER TABLE `order_items` ENABLE KEYS */;
UNLOCK TABLES;

--
-- Table structure for table `products`
--

DROP TABLE IF EXISTS `products`;
/*!40101 SET @saved_cs_client     = @@character_set_client */;
/*!50503 SET character_set_client = utf8mb4 */;
CREATE TABLE `products` (
  `product_id` bigint NOT NULL,
  `created_at` datetime NOT NULL,
  `product_name` varchar(50) NOT NULL,
  PRIMARY KEY (`product_id`)
) ENGINE=InnoDB DEFAULT CHARSET=utf8mb4 COLLATE=utf8mb4_0900_ai_ci;
/*!40101 SET character_set_client = @saved_cs_client */;

--
-- Dumping data for table `products`
--

LOCK TABLES `products` WRITE;
/*!40000 ALTER TABLE `products` DISABLE KEYS */;
INSERT INTO `products` VALUES (1,'2012-03-19 09:00:00','The Original Mr. Fuzzy'),(2,'2013-01-06 13:00:00','The Forever Love Bear');
/*!40000 ALTER TABLE `products` ENABLE KEYS */;
UNLOCK TABLES;
/*!40103 SET TIME_ZONE=@OLD_TIME_ZONE */;

/*!40101 SET SQL_MODE=@OLD_SQL_MODE */;
/*!40014 SET FOREIGN_KEY_CHECKS=@OLD_FOREIGN_KEY_CHECKS */;
/*!40014 SET UNIQUE_CHECKS=@OLD_UNIQUE_CHECKS */;
/*!40101 SET CHARACTER_SET_CLIENT=@OLD_CHARACTER_SET_CLIENT */;
/*!40101 SET CHARACTER_SET_RESULTS=@OLD_CHARACTER_SET_RESULTS */;
/*!40101 SET COLLATION_CONNECTION=@OLD_COLLATION_CONNECTION */;
/*!40111 SET SQL_NOTES=@OLD_SQL_NOTES */;

-- Dump completed on 2023-01-30 13:11:20
